,,,,,,,,,,,
,Romaji,Hiragana/Katakana,Kanji,Traducción Español,Traducción Inglés,Ejemplo en Japonés,Ejemplo en Español,Ejemplo en Inglés,Nota en español,Nota en inglés,Minna no Nihongo
,Un dō shimasu,うんどうします,運動します,Hacer ejercicios,Exercise,,,,,,Lección 32
,Seikō shimasu,せいこうします,成功します,Tener éxito,Success,,,,,,Lección 32
,Shippai shimasu [shiken ni ~],しっぱいします [しけんに〜］,失敗します [試験に〜],fracasar [en el examen],Fail[the exam],,,,,,Lección 32
,Go u kakushimasu [shiken ni 〜],ごうかくします [しけんに〜］,合格します [試験に〜],"pasar, aprovar [el examen]",Succeed[The exam],,,,,,Lección 32
,Mo do Rimasu,もどリます,戻リます,"volver, regresar",return,,,,,,Lección 32
,Yamimasu [ame ga 〜],やみます [あめが〜],[雨が〜],[la lluvia] cesar,[the rain] to cease,,,,,,Lección 32
,Haremasu,はれます,晴れます,despejarse,clear,,,,,,Lección 32
,Kumorimasu,くもリます,曇リます,nublarse,get cloudy,,,,,,Lección 32
,Fukimasu [kaze ga 〜],ふきます [かぜが〜],吹きます [風が〜],[el viento] soplar,[the wind] to blow,,,,,,Lección 32
,Nao Rimasu [byō kiga 〜],なおリます [びょうきが〜],治リます [病気が〜],recuperarse [de una enfermedad],recover [from an ilness],,,,,,Lección 32
,Nao Rimasu [koshō ga 〜],なおリます [こしょうが〜],直リます [故障が〜],repararse [una averia],repair [an damage],,,,,,Lección 32
,Tsudzukimasu [netsu ga 〜],つづきます [ねつが〜],続きます [熱が〜],[fiebre] continuar,[flu] continue,,,,,,Lección 32
,Hikimasu [kaze o 〜],ひきます [かぜを〜],,coger [un resfriado],get [a cold],,,,,,Lección 32
,Hiyashimasu,ひやします,冷やします,enfriar,cool,,,,,,Lección 32
,Shinpai [na],しんぱい [な],心配 [な],preocuparse,worry,,,,,,Lección 32
,Jūbun [na],じゅうぶん [な],十分 [な],suficiente,enough,,,,,,Lección 32
,Okashī,おかしい,,extraño,weird,,,,,,Lección 32
,Urusai,うるさい,,ruidoso,loud,,,,,,Lección 32
,Yakedo,やけど,,quemadura,burn,,,,,,Lección 32
,Kega,けが,,lesión,injury,,,,,,Lección 32
,Seki,せき,,tos,cough,,,,,,Lección 32
,Infuruenza,インフルエンザ,,influenza,influenza,,,,,,Lección 32
,Sora,そら,空,cielo,sky,,,,,,Lección 32
,Taiyō,たいよう,太陽,sol,sun,,,,,,Lección 32
,Hoshi,ほし,星,estrella,star,,,,,,Lección 32
,Tsuki,つき,月,luna,Moon,,,,,,Lección 32
,Kaze,かぜ,風,viento,wind,,,,,,Lección 32
,Kita,きた,北,norte,north,,,,,,Lección 32
,Minami,みなみ,南,sur,south,,,,,,Lección 32
,Nishi,にし,西,oeste,west,,,,,,Lección 32
,Higashi,ひがし,東,este,east,,,,,,Lección 32
,Suidō,すいどう,水道,"agua corriente, acueducto, abastecimiento de agua","Current water, aqueduct, water supply",,,,,,Lección 32
,Enjin,エンジン,,motor,motor,,,,,,Lección 32
,Chīmu,チーム,,equipo,team,,,,,,Lección 32
,Kon´ya,こんや,今夜,esta noche,tonight,,,,,,Lección 32
,Yūgata,ゆうがた,夕方,atardecer,sunset,,,,,,Lección 32
,Mae,まえ,,antes,before,,,,,,Lección 32
,Osoku,おそく,遅く,tarde,Afternoon,,,,,,Lección 32
,Kon'nani,こんなに,,como esto,like this,,,,,,Lección 32
,Son'nani,そんなに,,como eso (relativo a algo relacionado al oyente),like that (relative to something related to the listener),,,,,,Lección 32
,An'nani,あんなに,,como aquello (relativo a algo no relacionado ni al hablante ni al oyente),like that (relative to something not related to the speaker or the listener),,,,,,Lección 32
,Moshika shitara,もしかしたら,,"posiblemente, probablemente, quizás","possibly, probably, perhaps",,,,,,Lección 32
,Sore wa ikemasen ne,それはいけませんね。,,es una pena,it's a shame,,,,,,Lección 32
,Orinpikku,オリンピック,,juegos olímpicos,Olympic Games,,,,,,Lección 32
,Genki,げんき,元気,ánimo,cheer up,,,,,,Lección 32
,I,い,胃,estómago,stomach,,,,,,Lección 32
,Hataraki-sugi,はたらきすぎ,働きすぎ,trabajar excesivamente,work excessively,,,,,,Lección 32
,Sotoresu,ストレス,,"estrés, tensión","Stress, tension",,,,,,Lección 32
,Muri o shimasu,むリをします,無理をします,trabajar más que su capacidad,work more than capable,,,,,,Lección 32
,Yukkuri shimasu,ゆっくリします,,descansar,to rest,,,,,,Lección 32
,Hoshi uranai,ほしうらない,星占い,horoscopo,horoscope,,,,,,Lección 32
,Oushiza,おうしさ,牡牛座,tauro,Taurus,,,,,,Lección 32
,Komarimasu,こまリます,困ります,"tener problemas, estar en un apuro","have problems, be in trouble",,,,,,Lección 32
,Takarakuji,たからくじ,宝くじ,lotería,lottery,,,,,,Lección 32
,Ota Rimasu [takara kuji ga 〜],おたリます [たからくじが〜],当たリます [宝くじが〜],sacarse [la lotería],get [the lottery],,,,,,Lección 32
,Kenkō,けんこう,健康,salud,Health,,,,,,Lección 32
,Renai,れんあい,恋愛,amor,love,,,,,,Lección 32
,Koibito,こいびと,恋人,"novio, novia",boyfriend girlfriend,,,,,,Lección 32
,Kanemochi,[お] かねもち,[お] 金持ち,rico (relativo a persona),rich (relative to person),,,,,,Lección 32
,LECCIÓN 33,,,,,,,,,,
,Nigemasu,にげます,逃げます,huir,run away,,,,,,Lección 33
,Sawagimasu,さわぎます,騒ぎます,hacer ruido,make noise,,,,,,Lección 33
,Akiramemasu,あきらめます,,desistir de,abandon,,,,,,Lección 33
,Nagemasu,なげます,投げます,lanzar,launch,,,,,,Lección 33
,Mamorimasu,まもリます,守ります,"guardar, observar, obedecer","Save, observe, obey",,,,,,Lección 33
,Agemasu,あげます,上げます,"subir, elevar, levantar","Go up, raise, lift",,,,,,Lección 33
,Sagemasu,さげます,下げます,bajar,go down,,,,,,Lección 33
,Tsutaemasu,つたえます,伝えます,"comunicar, transmitir","Communicate, transmit",,,,,,Lección 33
,Chūishimasu [Kuruma ni 〜],ちゅういします [くるまに〜],注意します [車に~],tener cuidado [con los coches],Be careful [with cars],,,,,,Lección 33
,Hazushimasu [seki o 〜],はずします [せきを〜],外します[席を〜],dejar [su asiento],Leave [your seat],,,,,,Lección 33
,Dame [na],だめ [な],,"no bueno, no permitido, imposible","Not good, not allowed, impossible",,,,,,Lección 33
,Seki,せき,席,asiento,seat,,,,,,Lección 33
,Faito,ファイト,,ánimo,cheer up,,,,,,Lección 33
,Māku,マーク,,marca,Mark,,,,,,Lección 33
,Bōru,ボール,,pelota,ball,,,,,,Lección 33
,Sentakki,せんたくき,洗濯機,máquina lavadora,washing machine,,,,,,Lección 33
,〜ki,〜き,〜機,máquina〜,machine~,,,,,,Lección 33
,Kisoku,きそく,規則,"regla, reglamento","Rule, regulation",,,,,,Lección 33
,Shiyōkinshi,しようきんし,使用禁止,no usar,do not use,,,,,,Lección 33
,Tachīrikinshi,たちいリきんし,立入禁止,se prohibe la entrada,entry is prohibited,,,,,,Lección 33
,Iriguchi,いりぐち,入口,entrada,entry,,,,,,Lección 33
,Deguchi,でぐち,出口,salida,exit,,,,,,Lección 33
,Hijōguchi,ひじょうぐち,非常口,salida de emergencia,Emergency exit,,,,,,Lección 33
,Muryō,むりょう,無料,gratis,free,,,,,,Lección 33
,Honjitsu kyūgyō,ほんじつきゅうぎょう,本日休業,cerrado hoy,closed today,,,,,,Lección 33
,Eigyōchū,えいぎょうちゅう,営業中,abierto,opened,,,,,,Lección 33
,Shiyouchuu,しようちゅう,使用中,en uso,In use,,,,,,Lección 33
,〜chuu,〜ちゅう,〜中,estar en〜,be in~,,,,,,Lección 33
,Dōiu,どういう〜,,qué (adjetivo interrogativo),What (interrogative adjective),,,,,,Lección 33
,Mō,もう,,ya (como expresion negativa),,,,,,,Lección 33
,Ato,あと〜,,〜más,~plus,,,,,,Lección 33
,Chūsha ihan,ちゅうしゃいはん,駐車違反,infracción de aparcamiento,parking violation,,,,,,Lección 33
,Soryā,そりゃあ,,eso es (refiriendose a lo mencionado),That is (referring to the aforementioned),,,,,,Lección 33
,Inai,いない,以内,en menos de 〜,in less than ~,,,,,,Lección 33
,Keisatsu,けいさつ,警察,comisaria de policia,police station,,,,,,Lección 33
,Bakkin,ばっきん,罰金,multa,penalty fee,,,,,,Lección 33
,Denpō,でんぽう,電報,telegrama,telegram,,,,,,Lección 33
,Hitobito,ひとびと,人々,gente,people,,,,,,Lección 33
,Kyūyō,きゅうよう,急用,quehacer urgente,urgent work,,,,,,Lección 33
,Uchimasu [Denpō o 〜],うちます [でんぽうを〜],打ちます [電報を〜],enviar [un telegrama],Send [a telegram],,,,,,Lección 33
,Denpōdai,でんぽうだい,電報代,coste del telegrama,Telegram cost,,,,,,Lección 33
,Dekirudake,できるだけ,,lo más posible,the more possible,,,,,,Lección 33
,Mijikaku,みじかく,短く,brevemente,briefly,,,,,,Lección 33
,Mata,また,,"y, además",plus,,,,,,Lección 33
,Tatoeba,たとえば,例えば,por ejemplo,for example,,,,,,Lección 33
,Omoi byōki,おもいびょうき,重い病気,enfermedad seria,serious disease,,,,,,Lección 33
,Asu,あす,明日,mañana,morning,,,,,,Lección 33
,Rusu,るす,留守,ausente,absent,,,,,,Lección 33
,Rusuban,るすばん,留守番,"guardia de una casa, cuidar una casa, quedarse en una casa","Guard of a house, take care of a house, stay in a house",,,,,,Lección 33
,Oiwai,おいわい,お祝い,"celebración, felicitación","Celebration, congratulations",,,,,,Lección 33
,Nakunarimasu,なくなります,亡くなります,fallecer,die,,,,,,Lección 33
,Kanashimi,かなしみ,悲しみ,tristeza,sadness,,,,,,Lección 33
,Riyōrimasu,りようります,利用ります,usar,wear,,,,,,Lección 33
,LECCIÓN 34,,,,,,,,,,
,Migakimasu,みがきます [はを〜],磨きます [歯を〜],"Lavarse [los dientes], pulir","Wash [teeth], polish",,,,,,Lección 34
,Kumitatemasu,くみたてます,組み立てます,"Montar, ensamblar",Assemble,,,,,,Lección 34
,Orimasu,おります,折ります,"Doblar, romper","Fold over, break",,,,,,Lección 34
,Kigatsukimasu [wasuremononi〜],きがつきます [わすれものに〜],気がつきます [忘れ物に〜],"Notar, darse cuenta de [que se ha olvidado algo]","Noticing, realizing [that something has been forgotten]",,,,,,Lección 34
,Tsukemasu [shouyu o〜],つけます [しょうゆを〜],,Echar [la salsa de soja],Pour [the soy sauce],,,,,,Lección 34
,Mitsukarimasu [kagiga],みつかります [かぎが],見つかります,Ser encontrado [una llave],To be found [a key],,,,,,Lección 34
,Shimasu [nekutai o〜],します [ネクタイを〜],,"Ponerse, llevar [la corbata]","Put on, wear [the tie]",,,,,,Lección 34
,Shitsumonshimasu,しつもんします,質問します,Hacer una ptegunta,Ask a question,,,,,,Lección 34
,Hosoi,ほそい,細い,Delgado,Thin,,,,(de menor diámetro),,Lección 34
,Futoi,ふとい,太い,Gordo,Fat,,,,(de mayor diámetro),,Lección 34
,Bonodori,ぼんおどり,盆踊り,Baile de la Fiesta de Bon,Bon Feast Dance,,,,,,Lección 34
,Supōtsukurabu,スポーツクラブ,,Club de deportes,Sports Club,,,,,,Lección 34
,Kagu,かぐ,家具,Muebles,Furniture,,,,,,Lección 34
,Kī,キ一,,Tecla,Key,,,,,,Lección 34
,Shītoberuto,シ一トベルト,,Cinturón de seguridad,Seat belt,,,,,,Lección 34
,Setsumeisho,せつめいしょ,説明書,Folleto de instrucciones,Instruction Booklet,,,,,,Lección 34
,Zu,ず,図,"Figura, plano","Figure, plane",,,,,,Lección 34
,Sen,せん,線,Línea,Line,,,,,,Lección 34
,Yajirushi,やじるし,矢印,Flecha,Arrow,,,,(señal),,Lección 34
,Kuro,くろ,黒,Negro,Black,,,,(sustantivo),,Lección 34
,Shiro,しろ,白,Blanco,White,,,,(sustantivo),,Lección 34
,Aka,あか,赤,Rojo,Red,,,,(sustantivo),,Lección 34
,Ao,あお,青,Azul,Blue,,,,(sustantivo),,Lección 34
,Kon,こん,紺,Azul oscuro,Dark blue,,,,(sustantivo),,Lección 34
,Kīro,きいろ,黄色,Amarillo,Yellow,,,,(sustantivo),,Lección 34
,Chairo,ちゃいろ,茶色,Marrón,Brown,,,,(sustantivo),,Lección 34
,Shouyu,しょうゆ,,Salsa de soja,Soy sauce,,,,,,Lección 34
,Sōsu,ソース,,"Salsa, salsa de Worcestershire","Sauce, Worcestershire sauce",,,,,,Lección 34
,〜ka〜,〜か〜,,〜o〜,~or~,,,,,,Lección 34
,Yūbe,ゆうべ,,Anoche,Last night,,,,,,Lección 34
,Sakki,さっき,,Hace un rato,A while ago,,,,,,Lección 34
,Sadou,さどう,茶道,Ceremonia de té,Tea ceremony,,,,,,Lección 34
,Ochawotatemasu,おちゃをたてます,お茶をたてます,Preparar té verde,Make green tea,,,,,,Lección 34
,Sakini,さきに,先に,Primero,First,,,,(cuando se hace algo antes de otro),,Lección 34
,Nosemasu,のせます,載せます,"Colocar, poner",Put,,,,,,Lección 34
,Koredeīdesuka.,これでいいですか。,,¿Está bien así?,It's okay like that?,,,,,,Lección 34
,Nigai,にがい,苦い,Amargo,Bitter,,,,,,Lección 34
,Oyakodenburi,おやこでんぶり,親子でんぶり,Cuenco de arroz con pollo y huevo revuelto,Bowl of rice with chicken and scrambled egg,,,,,,Lección 34
,Zairyō,ざいりょう,材料,"Material, ingrediente","Material, ingredient",,,,,,Lección 34
,Bun,ぶん,ー分,Ración,Ration,,,,(se utiliza para indicar la cantidad),,Lección 34
,Toriniku,とりにく,鳥肉,Pollo,Chicken,,,,,,Lección 34
,ーguramu,ーグラム,,ーGramos,ー Grams,,,,,,Lección 34
,ーko,ーこ,ー個,(Sufijo que se añade a los cardinales para contar objetos pequeños),(Suffix added to cardinals to count small objects),,,,,,Lección 34
,Tamaregi,たまれぎ,,Cebolla,Onion,,,,,,Lección 34
,Yonbunnoichi,よんぶんのいち,4分の1 (1/4),Un cuarto,A quarter,,,,,,Lección 34
,Chōmiryō,ちょうみりょう,調味料,Condimentos,Seasonings,,,,,,Lección 34
,Nabe,なべ,,"Olla, cazuela, cacerola","Pot, casserole, saucepan",,,,,,Lección 34
,Hi,ひ,火,Fuego,Fire,,,,,,Lección 34
,Hinikakemasu,ひにかけます,火にかけます,Poner al fuego,Put on fire,,,,,,Lección 34
,Nimasu,にます,煮ます,"Cocer, guisar","Cook, stew",,,,,,Lección 34
,Niemasu,にえます,煮えます,"Cocerse, guisarse","Cooked, stewed",,,,,,Lección 34
,Donburi,どんぶり,,Cuenco de cerámica,Ceramic bowl,,,,,,Lección 34
,Ryōri,りょうり,料理,Cocina,Kitchen,,,,,,Lección 34
,Yaku,やく,焼く,"Asar, tostar","Roast, toast",,,,,,Lección 34
,Ageru,あげる,揚げる,Freír,Fry,,,,,,Lección 34
,Itameru,いためる,,Saltear,Saute,,,,,,Lección 34
,Yuderu,ゆでる,,Cocer en agua,Cook in water,,,,,,Lección 34
,Musu,むす,蒸す,Cocer al vapor,Steam,,,,,,Lección 34
,Taku,たく,炊く,Cocer (el arroz),Cook (the rice),,,,,,Lección 34
,Muku,むく,,Pelear,Fight,,,,,,Lección 34
,Kizamu,きざむ,刻む,"Cortar menudo, picar","Cut often, chop",,,,,,Lección 34
,Kakimazeru,かきまぜる,かき混ぜる,"Mezclar, agitar, remover","Mix, shake, stir",,,,,,Lección 34
,Chitō,さとう,砂糖,Azúcar,Sugar,,,,,,Lección 34
,Shio,しお,塩,Sal,Salt,,,,,,Lección 34
,Su,す,酢,Vinagre,Vinegar,,,,,,Lección 34
,Miso,みそ,,Miso,Miso,,,,(pasta elaborada de soja),,Lección 34
,Obura,おぶら,油,Aceite,Oil,,,,,,Lección 34
,Sōsu,ソース,,Salsa,sauce,,,,,,Lección 34
,Mayonēzu,マヨネーズ,,Mayonesa,Mayonnaise,,,,,,Lección 34
,Kechappu,ケチャップ,,Ketchup,Ketchup,,,,(salsa de tomate),,Lección 34
,Karashi (masutādo),からし (マスタード),,Mostaza,Mustard,,,,,,Lección 34
,Koshō,こしょう,,Pimienta,Pepper,,,,,,Lección 34
,Tōgarashi,とうがらし,,Pimentón rojo,Red paprika,,,,,,Lección 34
,Shōga,しょうが,,Jengibre,Ginger,,,,,,Lección 34
,Wasabi,わさび,,Rábano picante japonés,Japanese horseradish,,,,,,Lección 34
,Karēko,カレーこ,カレー粉,Curry en polvo,Curry powder,,,,,,Lección 34
,Yakan,やかん,,"Hervidor olla, tetera","Kettle pot, kettle",,,,,,Lección 34
,Futa,ふた,,Tapa,Lid,,,,,,Lección 34
,Otama,おたま,,Cucharón,Ladle,,,,,,Lección 34
,Manaita,まないた,まな板,Tabla de picar,Cutting board,,,,,,Lección 34
,Hōchō,ほうちょう,包丁,Cuchillo,Knife,,,,,,Lección 34
,Fukin,ふきん,,Paño,Cloth,,,,,,Lección 34
,Furaipan,フライパン,,Sartén,Frying pan,,,,,,Lección 34
,Tenshiōbunrenji,てんしオーブンレンジ,電子オーブンレンジ,Horno de microondas,Microwave,,,,,,Lección 34
,Suihanki,すいはんき,炊飯器,Olla eléctrica para cocer arroz,Electric pot to cook rice,,,,,,Lección 34
,Shiyamoji,しやもじ,,Paleta para servir el arroz,Paddle for serving rice,,,,,,Lección 34
,Kankiri,かんきり,缶切り,Abrelatas,Can opener,,,,,,Lección 34
,Sennuki,せんぬき,栓抜き,Abrebotellas,Bottle opener,,,,,,Lección 34
,Zaru,ざる,,"Colador, escurridor","Strainer, drainer",,,,,,Lección 34
,Potto,ポット,,Botella termo,Thermos bottle,,,,,,Lección 34
,Gasu-dai,ガスだい,ガス台,Cocina de gas,Gas stove,,,,,,Lección 34
,Naga-shidai,ながしだい,流し[台],Fregadero,Sink,,,,,,Lección 34
,Kankisan,かんきせん,換気扇,Ventilador de aire,Air fan,,,,,,Lección 34
,Daidokuroyouhin,だいどくろようひん,台所用品,Artículos y utensilios de la cocina,Kitchen items and utensils,,,,,,Lección 34
,LECCIÓN 35,,,,,,,,,,
,Sakimasu [hanaga〜],さきます [はなが〜],咲きます [花が〜],Florecer [las flores],Bloom [the flowers],,,,,,Lección 35
,Kawarimasu [iroga〜],かわります [いろが〜],変わります [色が〜],Cambiar [el color],Change [the color],,,,,,Lección 35
,Imarimasu,いまります,困ります,"Tener problemas, estar en apuros","Have problems, be in trouble",,,,,,Lección 35
,Tsukemasu [maru o〜],つけます [まるを〜],付けます [丸を〜],Marcar [con un círculo],Mark [with a circle],,,,,,Lección 35
,Hiroimasu,ひろいます,拾います,"Coger, recoger",Pick up,,,,,,Lección 35
,Kakarimasu [denwaga〜],かかります [でんわが〜],[電話が〜],"Comunicarse [por teléfono], tener [una llamada telefónica]","Communicate [by phone], have [a phone call]",,,,,,Lección 35
,Raku [na],らく [な],楽 [な],"Cómodo, fácil","Comfortable, easy",,,,,,Lección 35
,Tadashī,ただしい,正しい,"Correcto, justo","Correct, fair",,,,,,Lección 35
,Mezurashī,めずらしい,珍しい,"Raro, curioso","Weird, curious",,,,,,Lección 35
,Kata,かた,方,Persona,Person,,,,,,Lección 35
,Mukō,むこう,向こう,"Allí, allá, al fondo","There, there, in the background",,,,,,Lección 35
,Shima,しま,島,Isla,Island,,,,(Expresión respetuosa de ひと),,Lección 35
,Mura,むら,村,Pueblo,Town,,,,,,Lección 35
,Minato,みなと,港,Puerto,port,,,,,,Lección 35
,Kinjo,きんじょ,近所,"Vecino, vecindad","Neighbor, neighborhood",,,,,,Lección 35
,Okujō,おくじょう,屋上,"Ático, azotea","Attic, roof",,,,,,Lección 35
,Kaigai,かいがい,海外,Extranjero,Foreign,,,,,,Lección 35
,Yamanobori,やまのぼり,山登り,"Escalada, alpinismo","Climbing, mountaineering",,,,,,Lección 35
,Haikingu,ハイキング,,Excursión,Excursion,,,,,,Lección 35
,Kikai,きかい,機会,"Oportunidad, ocasión","Opportunity, occasion",,,,,,Lección 35
,Maru,まる,丸,Permiso,Permit,,,,,,Lección 35
,Sōchi,そうさ,操作,Circulo,Circle,,,,,,Lección 35
,Kyoka,きょか,許可,Operación,Operation,,,,,,Lección 35
,Hōhō,ほうほう,方法,Método,Method,,,,,,Lección 35
,Setsubi,せつび,設備,Instalación,Installation,,,,,,Lección 35
,Kāten,カーテン,,Cortina,Curtain,,,,,,Lección 35
,Himo,ひも,,Cordón,Cord,,,,,,Lección 35
,Futa,ふた,,"Tapa, cubierta","Lid, cover",,,,,,Lección 35
,Ha,は,葉,Hoja,Leaf,,,,,,Lección 35
,Kyoku,きょく,曲,Pieza musical,Musical piece,,,,,,Lección 35
,Tanoshimi,たのしみ,楽しみ,"Diversión, entretenimiento, expectación","Fun, entertainment, anticipation",,,,,,Lección 35
,Motto,もっと,,Más,More,,,,,,Lección 35
,Hajimeni,はじめに,初めに,Primero,First,,,,,,Lección 35
,Korede-ouarimasu.,これで おわります。,おけで 終わります。,Terminamos con esto.,We are done with this.,,,,,,Lección 35
,Hakone,※はこね,※箱根,Centro recreativo en la Prefectura de Kanagawa,Recreation Center in Kanagawa Prefecture,,,,,,Lección 35
,Kokkō,※にっこう,※日光,Centro turístico en la Prefectura de Tochigi,Tourist center in Tochigi Prefecture,,,,,,Lección 35
,Hakuba,※はくば,※白馬,Centro recreativo en la Prefectura de Nagano,Recreation Center in Nagano Prefecture,,,,,,Lección 35
,Afurika,※アフリカ,,África,Africa,,,,,,Lección 35
,Sorenara,それなら,,En ese caso,Then,,,,,,Lección 35
,Yakōbasu,やこうバス,夜行バス,Autobús nocturno,Night bus,,,,,,Lección 35
,Ryakōsha,りょこうしゃ,旅行社,Agencia de viajes,Travel agency,,,,,,Lección 35
,Kuwashī,くわしい,詳しい,En detalle,In detail,,,,,,Lección 35
,Sukī-jau,スキーじょう,スキー場,Estación de esquí,Ski station,,,,,,Lección 35
,Kisatsu,※きさつ,※草津,Centro recreativo en la Prefectura de Gunma,Recreation Center in Gunma Prefecture,,,,,,Lección 35
,Shigakōgen,※しがこうげん,※志賀高原,Centro nacional en la Prefectura de Nagano,National Center in Nagano Prefecture,,,,,,Lección 35
,Shu,しゅ,朱,Rojo,Red,,,,,,Lección 35
,Majiwarimasu,まじわります,交わります,Tratarse con,Deal with,,,,,,Lección 35
,Kotowaza,ことわざ,,"Proverbio, refrán","Proverb, saying",,,,,,Lección 35
,Nakayoku shimasu,なかよく します,仲よく します,Tener buena relación con,Have a good relationship with,,,,,,Lección 35
,Hitsuyō [na],ひつよう [な],必要 [な],"Necesario, esencial","Necessary, essential",,,,,,Lección 35
,Zumebamiyako,すめばみやこ,住めば都,"A cada pajarillo, parécele bien su nido.","To each bird, its nest looks good.",,,,"Significa que dondequiera que vivas, una vez acostumbrado a vivir ahí, te parecerá el mejor hogar.",,Lección 35
,San nin yoba monju nochie,さんにんよばもんじゅのちえ,三人寄れば文殊の知恵,Cuatro ojos ven más que dos,Four eyes see more than two,,,,Significa que a tres personas se les ocurre mejor idea que a dos personas.,,Lección 35
,"Tateba shaku yaki, suwareba bota n, aru kusu gata wa yuri no hana",たてばしゃくやき、すわればぼたん、あるくすがたはゆりのはな,立てばしゃくやく、座ればぼたん、歩く姿はゆリの花,"Ella es muy guapa. Cuando se levanta es como una peonia, cuando se sienta es como una planta de peonia, y cuando camina es como un lirio.","She is very pretty. When he stands up he is like a peony, when he sits down he is like a peony plant, and when he walks he is like a lily.",,,,,,Lección 35
,Chiri mo tsumoreba yamato naru,ちりもつもればやまとなる,ちりも積もれば山となる,De muchos granos se hacen montañas.,Mountains are made of many grains.,,,,"Significa que aún las cosas muy pequeñas, cuando se juntan forman una montaña.",,Lección 35
,Uwasa o sureba kage,うわさをすればかげ,うわさをすれば影,"Hablando del rey de Roma, por la puerta asoma.","Speaking of the king of Rome, he peeks out the door.",,,,"Quiere decir que cuando se rumorea sobre una persona, suele aparecer la misma persona.",,Lección 35
,Hana yorida n go,はなよりだんご,花よりだんご,Más vale lo útil que lo bello.,The useful is better than the beautiful.,,,,Significa que más vale la sustancia que la apariencia.,,Lección 35
,Ten seki koke o shōzezu,てんせきこけをしょうぜず,転石苔を生ぜず,Una piedra rodando no produce musgo.,A rolling stone doesn't produce moss,,,,Se puede interpretar de dos maneras: 1. Aquéllos que son activos se desarrollan. 2. Aquéllos que cambian de trabajo o de casa no pueden tener éxito en la vida.,,Lección 35
,LECCIÓN 36,,,,,,,,,,
,Todokimasu [nimatsuga〜],とどきます [にもつが〜],届きます [荷物が〜],Llegar [un paquete],Arrive [a package],,,,,,Lección 36
,Demasu [shiaini〜],でます [しあいに〜],出ます [試合に〜],Participar [en un juego],Participate [in a game],,,,,,Lección 36
,Uchimasu [fupuro o〜],うちます [フプロを〜],打ちます,Escribir [en un procesador de textos],Write [in a word processor],,,,,,Lección 36
,Chokinshimasu,ちょきんします,貯金します,Ahorrar dinero,Save money,,,,,,Lección 36
,Futorimasu,ふとります,太ります,Engordar,Fatten,,,,,,Lección 36
,Yasemasu,やせます,,Adelgazar,Slim down,,,,,,Lección 36
,Sugimasu [nana ji o〜],すぎます [７じを〜],過ぎます [7時を〜],Pasar [las siete],Pass [seven],,,,,,Lección 36
,Naremasu [shūkanni〜],なれます [しゅうかんに〜],慣れます [習慣に〜],Acostumbrarse a [las costumbres],Get used to [customs],,,,,,Lección 36
,Katai,かたい,硬い,"Duro, sólido","Hard, solid",,,,,,Lección 36
,Yawarakai,やわらかい,柔らかい,"Suave, blando","Soft, squishy",,,,,,Lección 36
,Denshi〜,でんし〜,電子〜,〜electrónico,~electronic,,,,,,Lección 36
,Keitai〜,けいたい〜,携帯〜,〜portátil,~laptop,,,,,,Lección 36
,Iujō,いうじょう,エ場,"Fábrica, factoría","Factory, factory",,,,,,Lección 36
,Kenkō,けんこう,健康,Salud,Health,,,,,,Lección 36
,Kendō,けんどう,剣道,Kendo,Kendo,,,,,,Lección 36
,Maishū,まいしゅう,毎週,"Todas las semanas, semanal","Every week, weekly",,,,,,Lección 36
,Maishiki,まいつき,毎月,"Todos los meses, mensual","Every month, monthly",,,,,,Lección 36
,Maitoshi (mainen),まいとし (まいねん),毎年,"Todos los años,anual","Every year, yearly",,,,,,Lección 36
,Yatto,やっと,,"Por fin, finalmente","Finally, finally",,,,(esgrima al estilo japonés),,Lección 36
,Kanari,かなり,,Bastante,Quite,,,,,,Lección 36
,Kanarazu,かならず,必ず,"Sin falta, de cualquier manera","Without fail, either way",,,,,,Lección 36
,Zettaini,ぜったいに,絶対に,De ninguna manera,No way,,,,,,Lección 36
,Jōzuni,じょうずに,上手に,"Bien, hábilmente",Well cleverly,,,,,,Lección 36
,Dekirudake,できるだけ,,En lo posible,As far as possible,,,,,,Lección 36
,Konogoro,このごろ,,"Estos días, recientemente",These days recently,,,,,,Lección 36
,〜Zutsu,〜ずつ,,(Alguna cantidad) por〜,(Some amount) per〜,,,,(se usa con negativos),,Lección 36
,Sonomauga〜,その まうが〜,,Es más〜,It's more~,,,,,,Lección 36
,Shopan,※ショパン,,Chopin (músico polaco),Chopin (Polish musician),,,,,,Lección 36
,Mukyakusama,むきゃくさま,む客様,"Invitado, cliente","Guest, customer",,,,,,Lección 36
,Tokubetsu [na],とくべつ [な],特別 [な],Especial,Special,,,,,,Lección 36
,Shite irasshaimasu,していらっしゃいます,,Estar haciendo,Be doing,,,,,,Lección 36
,Suiei,すいえい,水泳,Natación,Swimming,,,,,,Lección 36
,"〜toka, 〜toka",〜とか、〜とか,,"〜,〜,etc.","~,~,etc.",,,,,,Lección 36
,Tango,タンゴ,,Tango,Tango,,,,,,Lección 36
,Charenji shimasu,チャレンジします,,Desafiar,To challenge,,,,(Expresión respetuosa de しています),,Lección 36
,Kimochi,きもち,気持ち,"Sentimiento, voluntad, entusiasmo","Feeling, will, enthusiasm",,,,,,Lección 36
,Norimono,のりもの,乗り物,Vehículo,Vehicle,,,,,,Lección 36
,Rekishi,れきし,歴史,Historia,Story,,,,,,Lección 36
,Seiki,ーせいき,ー世紀,Sigloー,Century ー,,,,,,Lección 36
,Tōku,とおく,遠く,Lejos,Far,,,,,,Lección 36
,Kisha,きしゃ,汽車,Tren de vapor,Steam train,,,,,,Lección 36
,Kisen,きせん,汽船,Barco de vapor,Steamboat,,,,,,Lección 36
,Ōzeino〜,おおぜいの〜,大勢の〜,Mucha (gente),Many people),,,,,,Lección 36
,Haibimasu,はいびます,達びます,"Llevar, transportar","Carry, transport",,,,,,Lección 36
,Tobimasu,とびます,飛びます,Volar,Fly,,,,,,Lección 36
,Anzen [na],あんぜん [な],安全 [な],Seguro,Sure,,,,,,Lección 36
,Uchū,うちゅう,宇宙,"Espacio, universo","Space, universe",,,,,,Lección 36
,Chikyū,ちきゅう,地球,Tierra,Land,,,,,,Lección 36
,Raitokyōdai,※ライトきょうだい,※ライト兄弟,"Hermanos Wright, pioneros americanos de aviación: Wilbur Wright (1867-1912) y Orville Wright (1871-1948)","Wright Brothers, American Aviation Pioneers: Wilbur Wright (1867-1912) and Orville Wright (1871-1948)",,,,,,Lección 36
,Kisokutadashī sei katsu o suru,きそくただしいせいかつをする,規則正しい生活をする,Lleva una vida regular,Lead a regular life,,,,,,Lección 36
,"Waya ne, haya oki o suru",はやね、はやおきをする,早寝、早起きをする,Se acuesta temprano y se levanta temprano,He goes to bed early and gets up early,,,,,,Lección 36
,Un dō suro / Sopōtsu o suru,うんどうすろ / スポーツをする,運動する / スポーツをする,Hace ejercicios físicos/practica deportes,Do physical exercises / play sports,,,,,,Lección 36
,Yoku aru ku,よくあるく,よく歩く,Anda mucho,Walk a lot,,,,,,Lección 36
,Suki kirai ganai,すききらいがない,好き嫌いがない,Come de todo,Eat everything,,,,,,Lección 36
,Eiyou no baranso o kangaete taberu,えいようのバランスをかんがえてたべる,栄養のバランスを考えて食べる,Come pensando en una nutrición equilibrada,Eat with balanced nutrition in mind,,,,,,Lección 36
,Ken iu shida n o ukeru,けんいうしんだんをうける,健康診断を受ける,Tiene reconocimientos médicos,Has medical examinations,,,,,,Lección 36
,Yo fukashi o suru,よふかしをする,夜更かしをする,Trasnocha,Late night,,,,,,Lección 36
,Amari un dōshinai,あまりうんどうしない,あまり運動しない,Hace poco ejercicio físico,I have recently been exercising,,,,,,Lección 36
,Suki kirai gāru,すききらいがある,好き嫌いがある,No come de todo,Does not eat everything,,,,,,Lección 36
,Yoku insutanto shokuhinwotaberu,よくインスタントしょくひんをたべる,よくインスタント食品を食べる,Come muchas comidas instantáneas,Eat lots of instant foods,,,,,,Lección 36
,Gaishokugaōi,がいしょくがおおい,外食が多い,Come muchas veces fuera,Eat out many times,,,,,,Lección 36
,Tabako o sū,たばこをすう,たばこを吸う,Fuma,Smokes,,,,,,Lección 36
,Yoku osake o nomu,よくおさけをのむ,よくお酒を飲む,Bebe mucho,Drinks a lot,,,,,,Lección 36
,Tan suika butsu,たんすいかぶつ,炭水化物,Hidrato de carbono,Carbohydrate,,,,,,Lección 36
,Imo,いも,,Patatas,Potatoes,,,,,,Lección 36
,Toufu,とうふ,,Pasta de soja,Soybean paste,,,,,,Lección 36
,Tanpaku shitsu,たんぱくしつ,たんぱく質,Proteínas,Protein,,,,,,Lección 36
,Mame,まめ,豆,Legumbres,Vegetables,,,,,,Lección 36
,Shibō,しぼう,脂肪,"Grasa, aceite","Grease, oil",,,,,,Lección 36
,Bitamin,ビタミン,,Vitaminas,Vitamins,,,,,,Lección 36
,Nori,のり,,Algas secas,Dried seaweed,,,,,,Lección 36
,Karushiumu,カルシウム,,Calcio,Calcium,,,,,,Lección 36
,Kaisō,かいそう,海草,Plantas marinas,Sea plants,,,,,,Lección 36
,LECCIÓN 37,,,,,,,,,,
,Homemasu,ほめます,褒めます,"Apreciar, elogiar","Appreciate, praise",,,,,,Lección 37
,Shikarimasu,しかります,,"Reprochar, reñir, regañar","Reproach, scold, scold",,,,,,Lección 37
,Sasoimasu,さそいます,誘います,Invitar,Invite,,,,,,Lección 37
,Okoshimasu,おこします,起こします,Levantar,Get up,,,,,,Lección 37
,Shōtaishimasu,しょうたいします,招待します,Invitar,Invite,,,,,,Lección 37
,Tanomimasu,たのみます,頼みます,"Pedir, solicitar",Ask request,,,,,,Lección 37
,Chūishimasu,ちゅういします,注意します,"Advertir, avisar","Warn, warn",,,,,,Lección 37
,Torimasu,とります,,"Robar, quitar","Steal, take away",,,,,,Lección 37
,Fumimasu,ふみます,踏みます,Pisar,Step,,,,,,Lección 37
,Kowashimasu,こわします,壊します,"Romper, destruir","Break, destroy",,,,,,Lección 37
,Yogoshimasu,よごします,汚します,Ensuciar,Dirty,,,,,,Lección 37
,Okonaimasu,おこないます,行います,"Celebrar, llevar a cabo, practicar","Celebrate, carry out, practice",,,,,,Lección 37
,Yushutsushimasu,ゆしゅつします,輸出します,Exportar,To export,,,,,,Lección 37
,Yunyūshimasu,ゆにゅうします,輸入します,Importar,to import,,,,(el pie de alguien),,Lección 37
,Honyakushimasu,ほんやくします,翻訳します,Traducir,Translate,,,,,,Lección 37
,Hatsumeishimasu,はつめいします,発明します,Inventar,Invent,,,,,,Lección 37
,Hakkenshimasu,はっけんします,発見します,Descubrur,Discover,,,,,,Lección 37
,Sekkeishimasu,せっけいします,設計します,"Diseñar, planear","Design, plan",,,,,,Lección 37
,Kome,こめ,米,Arroz,Rice,,,,,,Lección 37
,Mugi,むぎ,麦,"Trigo, cebada",Wheat barley,,,,,,Lección 37
,Sekiyu,せきゆ,石油,Petróleo,Petroleum,,,,,,Lección 37
,Genryō,げんりょう,原料,Materia prima,Raw material,,,,,,Lección 37
,Dēto,デート,,Cita,Appointment,,,,,,Lección 37
,Dorobō,どろぼう,泥棒,Ladrón,Thief,,,,,,Lección 37
,Keikan,けいかん,警官,Policía,Policeman,,,,,,Lección 37
,Kenchikuka,けんちくか,建築家,Arquitecto,Architect,,,,,,Lección 37
,Kagakusha,かがくしゃ,科学者,Científico,Scientific,,,,,,Lección 37
,Manga,まんが,漫画,"Caricatura, dibujos animados","Caricature, cartoon",,,,,,Lección 37
,Sekaijū,せかいじゅう,世界中,En todo el mundo,Around the world,,,,,,Lección 37
,〜Jū,〜じゅう,〜中,En todo 〜,Throughout ~,,,,,,Lección 37
,〜Ni yotte,〜に よって,,Por〜,For~,,,,,,Lección 37
,Yokattadesune.,よかったですね。,,Qué bien ¿verdad?,"That's good, right?",,,,,,Lección 37
,Dominika,※ドミニカ,,República Dominicana,Dominican Republic,,,,,,Lección 37
,Genji monogatari,※げんじものがたり,※源氏物語,"""Los cuentos de Genji""","""The Tales of Genji""",,,,,,Lección 37
,Murasaki shikibu,※むらさきしきぶ,※紫式部,"Novelista japonesa (973?-1014?) de la era de Heian (siglo IX), que escribió ""Los cuentos Genji""","Japanese novelist (973? -1014?) Of the Heian era (9th century), who wrote ""The Genji Tales""",,,,,,Lección 37
,Gurahamu. Beru,※グラハム．ベル,,"Alexander Grahan Bell, inventor americano","Alexander Grahan Bell, American inventor",,,,,,Lección 37
,Tōshōgū,※とうしょうぐう,※東照宮,"Santuario dedicado a Ieyasu Tokugawa en Nikko,Prefectura de Tochigi","Shrine dedicated to Ieyasu Tokugawa in Nikko, Tochigi Prefecture",,,,(novela japonesa),,Lección 37
,Edojidai,※えどじだい,※江戸時代,Era de Edo (1603-1868),Edo era (1603-1868),,,,,,Lección 37
,Sauji Arabia,※サウジアラビア,,Arabia Saudita,Saudi Arabia,,,,,,Lección 37
,Umetatemasu,うめたてます,埋め立てます,Ganar la tierra,Win the land,,,,,,Lección 37
,Gijutsu,ぎじゅつ,技術,"Técnica, tecnología","Technique, technology",,,,,,Lección 37
,Tochi,とち,土地,"Tierra, terreno","Land, land",,,,,,Lección 37
,Sōon,そうおん,騒音,Ruido,Noise,,,,,,Lección 37
,Riyōshimasu,りようします,利用します,"Usar, utilizar, aprovechar","Use, use, take advantage",,,,,,Lección 37
,Akusesu,アクセス,,Acceso,Access,,,,,,Lección 37
,Seiki,ーせいき,ー世紀,Siglo,Century,,,,,,Lección 37
,Gōka na,ごうか な,豪華 な,"Magnífico, maravilloso","Magnificent, wonderful",,,,,,Lección 37
,Chōkoku,ちょうこく,彫刻,"Escultura, grabado","Sculpture, engraving",,,,,,Lección 37
,Nemurimasu,ねむります,眠ります,Dormir,To sleep,,,,,,Lección 37
,Horimasu,ほります,彫ります,"Grabar, cincelar","Engrave, chisel",,,,,,Lección 37
,Nakama,なかま,仲間,"Compañero, amigo","Partner, friend",,,,,,Lección 37
,Sonoato,そのあと,,Después de eso,Thereafter,,,,,,Lección 37
,Isshōkenmei,いっしょうけんめい,一生懸命,"Con toda la fuerza, con todo el esfuerzo","With all the strength, with all the effort",,,,,,Lección 37
,Nezumi,ねずみ,,"Rata, ratón",Rat Mouse,,,,,,Lección 37
,Ippiki moimasen.,いっぴき もいません。,一匹も いません。,No hay ni un,There is not even a,,,,,,Lección 37
,Nemurineko,※ねむりねこ,※眠り猫,El Gato Durmiendo,The Sleeping Cat,,,,,,Lección 37
,Hidari jingorō,※ひだり じんごろう,※左 甚五郎,Famoso escultor japonés de la era de Edo (1594-1651),Famous Japanese sculptor of the Edo era (1594-1651),,,,,,Lección 37
,Jiko. Jiken,じこ．じけん,事故．事件,Incidentes,Incidents,,,,,,Lección 37
,Korosu,ころす,殺す,Matar,Kill,,,,(ratón),,Lección 37
,Utsu,うつ,撃つ,Disparar,Shoot,,,,,,Lección 37
,Sasu,さす,刺す,Apuñalar,To stab,,,,,,Lección 37
,Kamu,かむ,,Morder,To bite,,,,,,Lección 37
,Hiku,ひく,,Atropellar,Run over,,,,,,Lección 37
,Haneru,はねる,,Llevar por delante,Carry ahead,,,,,,Lección 37
,Shōtotsusuru,しょうとつする,衝突する,Chocar,Hit,,,,,,Lección 37
,Tsuitotsusuru,ついとつする,追突する,Dar un golpe por detrás,Hit from behind,,,,,,Lección 37
,Nusumu,ぬすむ,盗む,Robar,Steal,,,,,,Lección 37
,Yūkaisuru,ゆうかいする,誘拐する,Secuestrar a una persona,Kidnap a person,,,,,,Lección 37
,Haijakkusuru,ハイジャックする,,Secuestrar un avión,Hijack a plane,,,,,,Lección 37
,Tsuirakusuru,ついらくする,墜落する,"Caer, precipitarse","Fall, rush",,,,,,Lección 37
,Hakobu,はこぶ,運ぶ,Llevar,Wear,,,,,,Lección 37
,Tasukeru,たすける,助ける,Rescatar,Rescue,,,,,,Lección 37
,Chinbosuru,ちんぼする,沈没する,"Hundirse, naufragar","Sink, shipwreck",,,,,,Lección 37
,Bakuhassuru,ばくはっする,爆破っす,Explotar,Exploit,,,,,,Lección 37
,LECCIÓN 38,,,,,,,,,,
,Sodatemasu,そだてます,育てます,"Criar, cuidar","Raise, care",,,,,,Lección 38
,Hakobimasu,はこびます,運びます,"Llevar, transportar","Carry, transport",,,,,,Lección 38
,Nakunarimasu,なくなります,亡くなります,Fallecer,Pass away (euphemistic expression for で ぃ に ま す),,,,,,Lección 38
,Nyūinshimasu,にゅういんします,入院します,Hospitalizarse,Hospitalize,,,,,,Lección 38
,Taīnshimasu,たいいんします,退院します,Salir del hospital,Go out from the hospital,,,,,,Lección 38
,Iremasu dengen o〜,いれます    [でんげんを〜],入れます     [電源を〜],Encender [interruptor principal],Turn on [main switch],,,,,,Lección 38
,Kirimasu dengen o〜,きります    [でんげんを〜],切ります    [電源を〜],Apagar [interruptor principal],Turn off [main switch],,,,,,Lección 38
,Kakemasu kagi o〜,かけます [かぎを〜],掛けます,Echar [la llave],Lock up],,,,,,Lección 38
,Kimochiga ī,きもちが いい,気持ちが いい,Agradable,Pleasant,,,,,,Lección 38
,Kimochiga warui,きもちが わるい,気持ちが 悪い,Desagradable,Unpleasant,,,,,,Lección 38
,Ōkina,おおきな〜,大きな〜,〜Grande,~Big,,,,,,Lección 38
,Chīsana,ちいさな〜,小さな〜,〜Pequeño,~Small,,,,,,Lección 38
,Akachan,あかちゃん,赤ちゃん,Bebé,Baby,,,,,,Lección 38
,Shōgakkō,しょうがっこう,小学校,Escuela primaria,Primary school,,,,,,Lección 38
,Chūgakkō,ちゅうがっこう,中学校,Escuela secundaria,High school,,,,,,Lección 38
,Ekimae,えきまえ,駅前,El área delante de la estación,The area in front of the station,,,,,,Lección 38
,Kaigan,かいがん,海岸,Costa,Coast,,,,,,Lección 38
,Uso,うそ,,"Mentira, mentirilla","Lie, lie",,,,,,Lección 38
,Shorui,しょるい,書類,"Documento, documentación","Document, documentation",,,,,,Lección 38
,Dengen,でんげん,電源,Interruptor principal,Main switch,,,,,,Lección 38
,〜Sei,〜せい,〜製,Fabricado en 〜,Made in ~,,,,,,Lección 38
,"A, ikenai.",[あ、]    いけない。,,¡Vaya!,Wow!,,,,,,Lección 38
,Osakini shitsure ishimasu,おさきに   [しつれいします],お先に    [失礼します]。,Perdone,Excuse me,,,,,,Lección 38
,Genbaku dōmu,※げんばくドーム,※原爆ドーム,Domo de conmemoración de la bomba atómica en Hiroshima,Atomic bomb commemoration dome in Hiroshima,,,,,,Lección 38
,Kairan,かいらん,回覧,Carta circular,Circular card,,,,,,Lección 38
,Ken kyūshitsu,けんきゅうしつ,研究室,"Laboratorio, sala de estudios, oficina o despacho de un profesor","Laboratory, study room, office or teacher's office",,,,,,Lección 38
,Kichinto,きちんと,,Ordenadamente,Orderly,,,,,,Lección 38
,Seiri shimasu,せいりします,整理します,Poner en orden,Tidy,,,,,,Lección 38
,〜To iuhon,〜と いうほん,〜と いう本,"Libro titulado〜, libro llamado 〜","Book titled, book called 〜",,,,(Se utiliza cuando se comete algún error),,Lección 38
,〜Satsu,ーさつ,ー冊,"(Sufijo que se añade a los cardinales para contar los libros, etc)","(Suffix that is added to the cardinals to count the books, etc)",,,,(Que me marche antes),,Lección 38
,Hanko,はんこ,,"Sello, estampa","Stamp, stamp",,,,,,Lección 38
,Oshimasu hanko o〜,おします    [はんこを〜],押します     [はんこを〜],Poner [un sello],Put [a stamp],,,,,,Lección 38
,Futago,ふたご,双子,Gemelo,Twin,,,,,,Lección 38
,Shimai,しまい,姉妹,Hermanas,Sisters,,,,,,Lección 38
,Go nensei,５ねんせい,5年生,Quinto curso,Fifth course,,,,,,Lección 38
,Nite imasu,にて います,似て います,"Parecerse a 〜, asemejarse a 〜","Look like 〜, look like 〜",,,,,,Lección 38
,Seikaku,せいかく,性格,Carácter,Character,,,,,,Lección 38
,Otonashī,おとなしい,,Tranquilo,Do not worry,,,,,,Lección 38
,Sewa o shimasu,せわを します,世話を します,Cuidar,Look after,,,,,,Lección 38
,Jikanga tachimasu,じかんが たちます,時間が たちます,Pasar el tiempo,Spend time,,,,,,Lección 38
,Daisuki na,だいすき    [な],大好き     [な],"Gustarse mucho, favorito","Like each other a lot, favorite",,,,,,Lección 38
,Ten,ーてん,ー点,ーPuntos,ー Points,,,,,,Lección 38
,Kurasu,クラス,,Clase,Class,,,,,,Lección 38
,Kenkashimasu,けんかします,,Pelearse,Quarrel,,,,,,Lección 38
,Fushigi na,ふしぎ     [な],不思議     [な],"Misterioso, extraño","Mysterious, strange",,,,,,Lección 38
,Nenchūshigyōji,ねんちゅうぎょうじ,年中御璽,Acontecimientos Anuales,Annual Events,,,,,,Lección 38
,Oshōgatsu,おしょうがつ,お正月,Año Nuevo,New Year,,,,Celebración del inicio del año nuevo. La fente va a santuarios o templos para rezar por la saluld y felicidad del año. Las tarjetas de Año Nuevo llegan a la casa en el primer dia de Año Nuevo.,,Lección 38
,Hinamatsuri,ひなまつり,ひな祭り,Fiesta de Muñecas,Doll party,,,,Las familias con hijas pone un adorno de muñecas.,,Lección 38
,Kodomonohi,こどものひ,こどもの日,Día de los Niños,Children's Day,,,,Es un día para celebrar el crecimiento y salud de los niños. Originalmente era un día para felicitar el crecimiento de los niños varones.,,Lección 38
,Tanabata,たなばた,七夕,Fiesta de las estrellas Vega y Altaír,Party of the stars Vega and Altaír,,,,"Su origen se debe a la leyenda china de que la estrella Altaír y la estrella Vega, situadas respectivamente en el extremo Este y Oesde de la Vía Láctea, se encuentran una vez al año.",,Lección 38
,Obon,おぼん,お盆ん,Fiesta de Bon,Bon party,,,,Es un acontecimiento budista en que se celebtan oficios por el descanso del alma de los difuntos. La gente va al cementerio.,,Lección 38
,Otsukimi,おつきみ,お月見,Admiración de la Belleza Lunar,Admiration of Lunar Beauty,,,,Admiración de la Belleza Lunar. La gente disfruta observando la belleza de la luna llena,,Lección 38
,Ōmisoka,おおみそか,大みそか,Noche Vieja,New Years Eve,,,,"Es el último día del año. La gente se prepara para el Añoo Nuevo haciendo limpieza en general de la casa y preparando ""osechi"" (comida especial para el Año Nuevo). A medianoche los templos tocan las campanas",,Lección 38
,LECCIÓN 39,,,,,,,,,,
,Kotaemasu shitsumonni〜,こたえます しつもんに〜,答えます 質問に〜,Contestar [a una pregunta],Answer [to a question],,,,,,Lección 39
,Taoremasu biru ga〜,たおれます ビルが〜,倒れます,"Caerse, derrumbarse [un edificio]","Fall, collapse [a building]",,,,,,Lección 39
,Yakemasu uchi ga〜,やけます うちが〜,焼けます うちが〜,Incediarse [una casa],Incediarse [a house],,,,,,Lección 39
,Yakemasu pan ga〜,やけます パンが〜,焼けます パンが〜,Hornearse [el pan],To bake [the bread],,,,,,Lección 39
,Yakemasu niku ga〜,やけます にくが〜,焼けます 肉が〜,Asarse [la carne],Roast [the meat],,,,,,Lección 39
,Tōrimasu michi o〜,とおります みちを〜,通ります 道を〜,Pasar [por la calle],Pass [down the street],,,,,,Lección 39
,Shinimasu,しにます,死にます,Morirse,Die,,,,,,Lección 39
,Bikkuri shimasu,びっくりします,,Sorprenderse,To be surprised,,,,,,Lección 39
,Gakkari shimasu,がっかりします,,Decepcionarse,To be disappointed,,,,,,Lección 39
,Anshin shimasu,あんしんします,安心します,Tranquilizarse,Calm down,,,,,,Lección 39
,Chikoku shimasu,ちこくします,遅刻します,Llegar tarde,To be late,,,,,,Lección 39
,Sōtai shimasu,そうたいします,早退します,Salir antes del horario usual,Leave before the usual time,,,,,,Lección 39
,Kenka shimasu,けんかします,,Pelearse,Quarrel,,,,,,Lección 39
,Rikon shimasu,りこんします,離婚します,Divorciarse,Divorce,,,,,,Lección 39
,Fukuzatsu na,ふくざつ な,複雑 な,"Complicado, complejo","Complicated, complex",,,,,,Lección 39
,Jama na,じゃま な,邪魔 な,"Molesto, fastidioso, obstruyente","Annoying, annoying, obstructive",,,,,,Lección 39
,Kitanai,きたない,汚い,Sucio,Dirty,,,,,,Lección 39
,Ureshī,うれしい,,"Feliz, contento","Happy, joyful",,,,,,Lección 39
,Kanashī,かなしい,悲しい,Triste,Sad,,,,,,Lección 39
,Hazukashī,はずかしい,恥ずかしい,Avergonzado,Embarrassed,,,,,,Lección 39
,Jishin,じしん,地震,Terremoto,Earthquake,,,,,,Lección 39
,Taifū,たいふう,台風,Tifón,Typhoon,,,,(de una oficina o de una escuela),,Lección 39
,Kaji,かじ,火事,Incendio,Fire,,,,,,Lección 39
,Jiko,じこ,事故,Accidente,Accident,,,,,,Lección 39
,O miai,お みあい,お 見合い,Entrevista con vistas al casamiento,Interview with a view to the wedding,,,,,,Lección 39
,Denwadai,でんわだい,電話代,Tarifa del teléfono,Phone fee,,,,,,Lección 39
,〜dai,〜だい,〜代,"Tarifa, precio, coste","Rate, price, cost",,,,,,Lección 39
,Furonto,フロント,,Recepción,Reception,,,,,,Lección 39
,Gōshitsu,ーごうしつ,号室,Número de habitaciónー,Room number ー,,,,,,Lección 39
,Ase,あせ,汗,Sudor (〜をかきます: sudar),Sweat (〜 を か き ま す: sweat),,,,,,Lección 39
,Tauru,タオル,,Toalla,Towel,,,,,,Lección 39
,Sekken,せっけん,,Jabón,Soap,,,,,,Lección 39
,Ōzei,おおぜい,大勢,Un gran número de gente,A large number of people,,,,,,Lección 39
,O tsukare sama deshita.,おつかれさまでした。,お疲れさまでした。,Gracias por su trabajo duro.,Thanks for your hard work.,,,,,,Lección 39
,Ukagaimasu.,うかがいます。,伺います,Yo iré.,I will go.,,,,,,Lección 39
,Tochūde,とちゅうで,途中で,"En el camino, en la mitad de","On the road, in the middle of",,,,,,Lección 39
,Torakku,トラック,,Camión,Truck,,,,,,Lección 39
,Butsukarimasu,ぶつかります,,Chocar,Hit,,,,,,Lección 39
,Narabimasu,ならびます,並びます,"Hacer cola, poner en fila","Queue up, line up",,,,,,Lección 39
,Otona,おとな,大人,Adulto,Adult,,,,,,Lección 39
,Yōfuku,ようふく,洋服,Ropa occidental,Western clothing,,,,,,Lección 39
,Seiyō ka shimasu,せいようかします,西洋化します,Occidentalizar,Westernize,,,,,,Lección 39
,Aimasu,あいます,会います,"Ir bien a, sentar bien a, apto para","Go well to, sit well to, fit for",,,,(Se usa para expresar la apreciación del trabajo de un compañero o de un subordinado),,Lección 39
,Imadewa,いまでは,今では,Ahora,Now,,,,,,Lección 39
,Seijinshiki,せいじんしき,成人式,Ceremonia de los nuevos adultos,Ceremony of the new adults,,,,(Expresión humilde de いきます),,Lección 39
,Kimochi,きもち,気持ち,Sentimientos,Feelings,,,,,,Lección 39
,Tanoshī,たのしい,楽しい,Alegre,Cheerful,,,,,,Lección 39
,Sabishī,さびしい,寂しい,Solitario,Lonely,,,,,,Lección 39
,Kanashī,かなしい,悲しい,Triste,Sad,,,,,,Lección 39
,Omoshiroi,おもしろい,,"Interesante, divertido","Interesting, fun",,,,,,Lección 39
,Urayamashī,うらやましい,,Envidia,Envy,,,,,,Lección 39
,Hazukashī,はずかしい,恥ずかしい,Vergüenza,Shame,,,,,,Lección 39
,Natsukashī,なつかしい,懐かしい,Añoranza,Yearning,,,,,,Lección 39
,Uttori suru,うっとりする,,Embelesarse,Be enraptured,,,,,,Lección 39
,Iraira suru,いらいらする,,Irritarse,Get irritated,,,,,,Lección 39
,Dokidoki suru,どきどきする,,"Ponerse nervioso, sentir palpitaciones","Get nervous, feel palpitations",,,,,,Lección 39
,Harahara suru,はらはらする,,"Inquietarse, temblar de miedo","Fret, tremble with fear",,,,,,Lección 39
,Wakuwaku suru,わくわくする,,Excitarse,Get excited,,,,,,Lección 39
,LECCIÓN 40,,,,,,,,,,
,Kazoemasu,かぞえる,数えます,contar,count,,,,,,Lección 40
,Hakarimasu,はかります,"測ります, 量ります","medir, pesar","Measure, weigh",,,,,,Lección 40
,Tashikamemasu,たしかめます,確かめます,"confirmar, asegurar","Confirm, ensure",,,,,,Lección 40
,Aimasu [Saizu ga〜],あいます [サイズが〜],会います,quedar bien [la talla],look good [size],,,,,,Lección 40
,Shuppatsu shimasu,しゅっぱつします,出発します,"salir, partir",go out,,,,,,Lección 40
,Tōchaku shimasu,とうちゃくします,到着します,llegar,get,,,,,,Lección 40
,Yoimasu,よいます,酔います,emborracharse,get drunk,,,,,,Lección 40
,Kiken [na],きけん [な],危険 [な],peligroso,dangerous,,,,,,Lección 40
,Hitsuyō [na],ひつよう[な],必要 [な],necesario,necessary,,,,,,Lección 40
,Uchū,うちゅう,宇宙,"espacio, universo","space, universe",,,,,,Lección 40
,Chikyū,ちきゅう,地球,Tierra,Earth,,,,,,Lección 40
,Bōnenkai,ぼうねんかい,忘年会,fiesta de fin de año,End of the year's party,,,,,,Lección 40
,Shinnenkai,しんねんかい,新宴会,fiesta de año nuevo,New Year's party,,,,,,Lección 40
,Nijikai,にじかい,二次会,segunda parte de la fiesta,second part of the party,,,,,,Lección 40
,Taikai,たいかい,大会,"convención, competición","Convention, competition",,,,,,Lección 40
,Marason,マラソン,,maratón,marathon,,,,,,Lección 40
,Kontesuto,コンテスト,,concurso,contest,,,,,,Lección 40
,Omote,おもて,表,"cara, anverso","face, obverse",,,,,,Lección 40
,Ura,うら,裏,"dorso, reverso","Back, reverse",,,,,,Lección 40
,Henji,へんじ,返事,respuesta,response,,,,,,Lección 40
,Mōshikomi,もうしこみ,申し込み,solicitud,application,,,,,,Lección 40
,Hontō,ほんとう,,verdad,TRUE,,,,,,Lección 40
,Machigai,まちがい,,"error, equivocación","Error, mistake",,,,,,Lección 40
,Kizu,きず,傷,"defecto, herida","Defect, wound",,,,,,Lección 40
,Zubon,ズボン,,pantalones,pants,,,,,,Lección 40
,Nagasa,ながさ,長さ,longitud,length,,,,,,Lección 40
,Omosa,おもさ,重さ,peso,weight,,,,,,Lección 40
,Takasa,たかさ,高さ,altura,height,,,,,,Lección 40
,Ōkisa,おおきさ,大きさ,"tamaño, dimensión","size, dimension",,,,,,Lección 40
,-Bin,-びん,-便,número de vuelo,flight number,,,,,,Lección 40
,-Gō,-ごう,-号,"número de vagón, número de tifón, etc.","wagon number, typhoon number, etc.",,,,,,Lección 40
,-Ko,-こ,-個,(sufijo para contar objetos pequeños),(Suffix to count small objects),,,,,,Lección 40
,"-hon, -bon, - pon","-ほん, -ぼん, -ぽん",-本,(sufijo para contar objetos grandes),(suffix to count large objects),,,,,,Lección 40
,"-hai, -pai, -bai","-はい, -ぱい, -ばい",-杯,(sufijo para contar copas o vasos llenos),(Suffix to count glasses or full vessels),,,,,,Lección 40
,-Kiro,-キロ,,"-kilogramos, -kilometros","-Kilograms, -kilometers",,,,,,Lección 40
,-Guramu,-グラム,,-gramos,-Mramos,,,,,,Lección 40
,-Senchi,-センチ,,-centímetros,-centimeters,,,,,,Lección 40
,-Miri,-ミリ,,-milímetros,-Milimeters,,,,,,Lección 40
,〜Ijō,〜いじょう,〜以上,"no menos de〜, más de〜","no less than, more than",,,,,,Lección 40
,〜Ika,〜いか,〜以下,"no más de〜, menos de〜","No more than, less than",,,,,,Lección 40
,Sā,さあ,,"bien, bueno",Very good,,,,,,Lección 40
,Gohho,ゴッホ,,"Vincent van Gogh, pintor holandés (1853-1890)","Vincent Van Gogh, Dutch painter (1853-1890)",,,,,,Lección 40
,Yuki matsuri,ゆきまつり,雪祭り,Fiesta de Nieve en Sapporo,Snow party in Sapporo,,,,,,Lección 40
,Nozomi,のぞみ,,nombre de tren Shinkansen,Shinkansen train name,,,,,,Lección 40
,,,,Japan Airlines (compañía aerea japonesa),Japan Airlines (Japanese Air Company),,,,,,Lección 40
,Dōdesho ka,どうでしょか,,¿Qué tal está〜?,How is it~?,,,,,,Lección 40
,Kurasu,クラス,,clase,class,,,,,,Lección 40
,Tesuto,テスト,,"examen, prueba","exam, test",,,,,,Lección 40
,Seiseki,せいせき,成績,"calificación, notas","Qualification, notes",,,,,,Lección 40
,Tokorode,ところで,,a propósito,on purpose,,,,,,Lección 40
,Irasshaimasu,いらっしゃいます,,venir,come,,,,,,Lección 40
,Yōsu,ようす,様子,"situación, condición, aspecto","Situation, condition, aspect",,,,,,Lección 40
,Jiken,じけん,事件,"incidente, caso","incident, case",,,,,,Lección 40
,Ōtobai,オートバイ,,motocicleta,motorcycle,,,,,,Lección 40
,Bakudan,ばくだん,爆弾,bomba,bomb,,,,,,Lección 40
,Tsumimasu,つみます,積みます,"cargar, montar","Load, mount",,,,,,Lección 40
,Untenshu,うんてんしゅ,運転手,conductor,driver,,,,,,Lección 40
,Hanareta,はなれた,離れた,lejano,far,,,,,,Lección 40
,Ga,が,,pero,but,,,,,,Lección 40
,Kyūni,きゅうに,急に,de repente,suddenly,,,,,,Lección 40
,Ugokashimasu,うごかします,動かします,"mover, arrancar, operar","move, start, operate",,,,,,Lección 40
,Isshōkenmei,いっしょうけんめい,一生懸命,"con toda la fuerza, con todo el esfuerzo","With all force, with all the effort",,,,,,Lección 40
,Han'nin,はんにん,犯人,"delincuente, criminal","offender, criminal",,,,,,Lección 40
,Te ni iremasu,てにいれます,手に入れます,"obtener, conseguir, lograr","obtain, achieve, achieve",,,,,,Lección 40
,Imademo,いまでも,今でも,aún ahora,even now,,,,,,Lección 40
,Uwasashimasu,うわさします,,rumorear,rumore,,,,,,Lección 40
,LECCIÓN 41,,,,,,,,,,
,Itadakimasu,いただきます,,Recibir ,Recieve,,,,,,Lección 41
,Kudasaimasu,くださいます,,Dar ,give,ごいけん意見をおき聞かせくださいます,Háganos saber su opinión,,(expresión respetuosa de れます),,Lección 41
,Yarimasu,やります,,Dar ,giving( to young people or subordinates),,,,(a las personas jóvenes o a los subordinados),,Lección 41
,Yobimasu,よびます,呼びます,Invitar,invite,,,,,,Lección 41
,Torikaemasu,とりかえます,取り替えます,Cambiar,change,,,,,,Lección 41
,Shinsetsuni shimasu,しんせつにします,親切にします,Ser amable con,be kind to,,,,,,Lección 41
,kawaii,かわいい,,"Gracioso, rico, bonito","funny, rich, pretty",,,,,,Lección 41
,Oiwai,おいわい,お祝い,"Celebración, regalo","celebration, gift",,,,(〜を します: celebrar),,Lección 41
,Otoshidama,おとしだま,お年玉,Propina del Año Nuevo,New Year's tip,,,,,,Lección 41
,[o] Ｍimai,[お] みまい,[お] 見舞い,"Expresión de simpatía, regalo consolatorio a los enfermos","expression of sympathy, consolatory gift to the sick",,,,,,Lección 41
,Kyōmi,きょうみ,興味,Interés,interest,,,,[コンピューターに] 〜が あります: tener interés [en los ordenadores],,Lección 41
,Jōhō,じょうほう,情報,Información,information,,,,,,Lección 41
,Bunpō,ぶんぽう,文法,Gramática,grammar,,,,,,Lección 41
,Hatsuon,はつおん,発音,Pronunciación,pronunciation,,,,,,Lección 41
,Saru,さる,猿,Mono,monkey,,,,,,Lección 41
,Esa,えさ,,Comida cebo,"food, bait",,,,,,Lección 41
,Omocha,おもちゃ,,Juguete,toy,,,,,,Lección 41
,Ehon,えほん,絵本,Libro usado,used book,,,,,,Lección 41
,Ehagaki,えはがき,絵はがき,Tarjeta postal,postcard,,,,,,Lección 41
,Doraiba-,ドライバー,,Destornillador,screwdriver,,,,,,Lección 41
,Hankachi,ハンカチ,,pañuelo,handkerchief,,,,,,Lección 41
,Kutsushita,くつした,靴下,Calcetines,socks,,,,,,Lección 41
,Tebukuro,てぶくろ,手袋,Guantes,gloves,,,,,,Lección 41
,Yubiwa,ゆびわ,指輪,Anillo,ring,,,,,,Lección 41
,Baggu,バッグ,,Bolso,bag,,,,,,Lección 41
,Sofu,そふ,祖父,(mi) abuelo,(my) grandfather,,,,,,Lección 41
,Sobo,そぼ,祖母,(mi) abuela,(my) grandmother,,,,,,Lección 41
,Mago,まご,孫,Nieto,grandson,,,,,,Lección 41
,Oji,おじ,,(mi) tio,(my) uncle,,,,,,Lección 41
,Ojisan,おじさん,,Señor,sir,,,,,,Lección 41
,Oba,おば,,(mi) tia,(my) aunt,,,,,,Lección 41
,Obasan,おばさん,,Señora,misses,,,,,,Lección 41
,Ototoshi,おととし,,Hace 2 años,2 years ago,,,,,,Lección 41
,Haa,はあ,,Ya,already,,,,,,Lección 41
,Mōshiwake arimasen,もうしわけありません,申し訳ありません,Lo siento,"i'm sorry, sorry",,,,,,Lección 41
,Azukarimasu,あずかります,預かります,Guardar,save,,,,,,Lección 41
,Senjitsu,せんじつ,先日,El otro día,the other day,,,,,,Lección 41
,Tasukarimasu,たすかります,助かります,Ser favorecido,being favored,,,,,,Lección 41
,Mukashibanashi,むかしばなし,昔話,Cuentos antiguos,ancient tales,,,,,,Lección 41
,Aru,ある〜,,"Un cierto〜, un〜","a certain〜, a〜",,,,,,Lección 41
,Otoko,おとこ,男,Hombre,man,,,,,,Lección 41
,Kodomotachi,こどもたち,子どもたち,Niños,kids,,,,,,Lección 41
,Ijimemasu,いじめます,,"Abusar, maltratar","abuse, mistreat",,,,,,Lección 41
,Kame,かめ,,Tortuga,turtle,,,,,,Lección 41
,Tasukemasu,たすけます,助けます,"Salvar, ayudar","save, help",,,,,,Lección 41
,[o] shiro,[お] しろ,[お] 城,Castillo,castle,,,,,,Lección 41
,Ohimesama,おひめさま,お姫様,Princesa,princess,,,,,,Lección 41
,Tanoshiku,たのしく,楽しく,Felizmente,happily,,,,,,Lección 41
,Kurashimasu,くらします,暮らします,"Vivir, pasar la vida","living, living life",,,,,,Lección 41
,Riku,りく,陸,Tierra,earth,,,,,,Lección 41
,Suruto,すると,,Entonces,then,,,,,,Lección 41
,Kemuri,けむり,煙,humo,smoke,,,,,,Lección 41
,Masshiro [na],まっしろ[な],真っ白[な],Totalmente blanco,all-white,,,,,,Lección 41
,Nakami,なかみ,中身,contenido,content,,,,,,Lección 41
,LECCIÓN 42,,,,,,,,,,
,Tsutsumimasu,つつみます,包みます,Envolver,Wrap,,,,,,Lección 42
,Wakashimasu,わかします,沸かします,Hervir,Boil,,,,,,Lección 42
,Mazemasu,まぜます,混ぜます,Mezclar,Mix,,,,,,Lección 42
,Keisanshimasu,けいさんします,計算します,Calcular,Calculate,,,,,,Lección 42
,Atsui,あつい,厚い,Grueso,Thick,,,,,,Lección 42
,Usui,うすい,薄い,Delgado,slim,,,,,,Lección 42
,Bengoshi,べんごし,弁護士,Abogado,Lawyer,,,,,,Lección 42
,Ongakuka,おんがくか,音楽家,Músico,Musician,,,,,,Lección 42
,Kodomotachi,こどもたち,子どもたち,Niños,Kids,,,,,,Lección 42
,Futari,ふたり,二人,pareja,partner,,,,,,Lección 42
,Kyōiku,きょういく,教育,Educación,Education,,,,,,Lección 42
,Rekishi,れきし,歴史,Historia,Story,,,,,,Lección 42
,Bunka,ぶんか,文化,Cultura,Culture,,,,,,Lección 42
,Shakai,しゃかい,社会,Sociedad,Society,,,,,,Lección 42
,Hōritsu,ほうりつ,法律,"Derecho, ley","Law, law",,,,,,Lección 42
,Sensō,せんそう,戦争,Guerra,War,,,,,,Lección 42
,Heiwa,へいわ,平和,Paz,Peace,,,,,,Lección 42
,Mokuteki,もくてき,目的,"Propósito, objeto","Purpose, object",,,,,,Lección 42
,Anzen,あんぜん,安全,Seguridad,Safety,,,,,,Lección 42
,Ronbun,ろんぶん,論文,Tesis,Thesis,,,,,,Lección 42
,Kankei,かんけい,関係,Relación,Relationship,,,,,,Lección 42
,Mikisaー,ミキサー,,"Batidora, mezclador","Blender, mixer",,,,,,Lección 42
,Yakan,やかん,,"Hervidor, tetera","Kettle, kettle",,,,,,Lección 42
,Sennuki,せんぬき,栓抜き,Abrebotellas,Bottle opener,,,,,,Lección 42
,Kankiri,かんきり,缶切り,Abrelatas,Can opener,,,,,,Lección 42
,Kantsume,かんつめ,缶詰,Lata de conserva,Tin can,,,,,,Lección 42
,Furoshiki,ふろしき,,Pañuelo para envolver,Handkerchief to wrap,,,,,,Lección 42
,Soroban,そろばん,,Ábaco,Abacus,,,,,,Lección 42
,Taionkei,たいおんけい,体温計,Termómetro,Thermometer,,,,,,Lección 42
,Zairyō,ざいりょう,材料,"Material, ingrediente","Material, ingredient",,,,,,Lección 42
,Ishi,いし,石,Piedra,Stone,,,,,,Lección 42
,Piramiddo,ピラミッド,,Pirámide,Pyramid,,,,,,Lección 42
,Deーta,データ,,Dato,Fact,,,,,,Lección 42
,Fairu,ファイル,,"Archive, carpeta","Archive, folder",,,,,,Lección 42
,Aru,ある〜,,"Un cierto〜, un〜","A certain〜, a〜",,,,,,Lección 42
,Isshōkenmei,いっしょうけんめい,一生懸命,"Con toda la fuerza, con todo el esfuerzo","With all the strength, with all the effort",,,,,,Lección 42
,Naze,なぜ,,Por qué,Why,,,,,,Lección 42
,Kokuren,こくれん,国連,Organización de las Naciones Unidas,United Nations,,,,,,Lección 42
,Eriーze no tameni,エリーゼのために,,Sonata para Elisa,Sonata for Elisa,,,,,,Lección 42
,Bētōben,ベートーベン,,"Ludwig van Beethoven, compositor alemán (1770-1827)","Ludwig van Beethoven, German composer (1770-1827)",,,,,,Lección 42
,Poーrando,ポーランド,,Polonia,Poland,,,,,,Lección 42
,Roーn,ローン,,Crédito,Credit,,,,,,Lección 42
,Setto,セット,,Juego,Play,,,,,,Lección 42
,Ato,あと,,El resto,The rest,,,,,,Lección 42
,Kappuraーmen,カップラーメン,,Sopa de tallarines instantánea envasada en recipiente desechable,Instant noodle soup packed in disposable container,,,,,,Lección 42
,Insutantoraーmen,インスタントラーメン,,Sopa de tallarines instantánea,Instant noodle soup,,,,,,Lección 42
,Nabe,なべ,,"Olla, cazuela, cacerola","Pot, casserole, saucepan",,,,,,Lección 42
,Donburi,どんぶり,,Cuenco de cerámica,Ceramic bowl,,,,,,Lección 42
,Shokuhin,しょくひん,食品,"Alimento, comida",Food,,,,,,Lección 42
,Chōsa,ちょうさ,調査,Investigación,Investigation,,,,,,Lección 42
,Kappu,カップ,,Taza,Bowl,,,,,,Lección 42
,Mata,また,,Y,Y,,,,,,Lección 42
,〜No kawarini,〜の かわりに,〜の 代わりに,"En lugar de 〜, en vez de 〜","Instead of 〜, instead of 〜",,,,,,Lección 42
,Dokodedemo,どこででも,,En cualquier lugar,Anywhere,,,,,,Lección 42
,Imadeha,いまでは,今では,Ahora,Now,,,,,,Lección 42
,LECCIÓN 43,,,,,,,,,,
,Fuemasu [yushutsu ga〜],ふえます [ゆしゅつが〜],増えます [輸出が〜],"Incrementar, aumentar [la exportación]","Increase, increase [export]",,,,,,Lección 43
,Herimasu [yushutsu ga〜],へります [ゆしゅつが〜],減ります [輸出が〜],"Disminuir, reducir [la exportación]","Decrease, reduce [export]",,,,,,Lección 43
,Agarimasu [nedan ga〜],あがります [ねだんが〜],上がります [値段が〜],Subir [el precio],Rise the price],,,,,,Lección 43
,Sagarimasu [nedan ga〜],さがります [ねだんが〜],下がります [値段が〜],Bajar [el precio],Lower the price],,,,,,Lección 43
,Kiremasu [himo ga〜],きれます [ひもが〜],切れます,Cortarse [el cordón],Cut [the cord],,,,,,Lección 43
,Toremasu [botan ga〜],とれます[ボタンが〜],,Quitarse [el botón],Take off [the button],,,,,,Lección 43
,Ochimasu [nimotsu ga〜],おちます [にもつが〜],落ちます [荷物が〜],Caerse [el paquete],Fall [the package],,,,,,Lección 43
,Nakunarimasu [gasorin ga〜],なくなります[ガソリンが〜],,"Gastarse, agotarse, perderse [la gasolina]","Run out, run out, lose [gasoline]",,,,,,Lección 43
,Jōbu [na],じょうぶ[な],丈夫[な],"Fuerte, sano","Strong, healthy",,,,,,Lección 43
,Hen [na],へん[な],変[な],"Extraño, raro",Strange rare,,,,,,Lección 43
,Shiawase [na],しあわせ[な],幸せ[な],Feliz,Happy,,,,,,Lección 43
,Umai,うまい,,"Sabroso, bueno","Tasty, good",,,,,,Lección 43
,Mazui,まずい,,No sabroso,Not tasty,,,,,,Lección 43
,Tsumaranai,つまらない,,Aburrido,Bored,,,,,,Lección 43
,Gasorin,ガソリン,,Gasolina,Gasoline,,,,,,Lección 43
,Hi,ひ,火,Fuego,Fire,,,,,,Lección 43
,Danbō,だんぼう,暖房,Calefacción,Heating,,,,,,Lección 43
,Reibou,れいぼう,冷房,Aire acondicionado,Air-conditioning,,,,,,Lección 43
,Sensu,センス,,gusto,taste,,([ふくの]  〜があります: tener gusto [para la ropa]),,,,Lección 43
,Imanimo,いまにも,今にも,En cualquier momento,Anytime,,,,,,Lección 43
,Waa,わあ,,¡Ay!,Oh!,,(se usa para expresar la situación antes del cambio),,,,Lección 43
,Kaiin,かいいん,会員,"Miembro, socio","Member, partner",,,,,,Lección 43
,Tekitō [na],てきとう[な],適当[な],"Apropiado, adecuado","Appropriate, suitable",,,,,,Lección 43
,Nenrei,ねんれい,年齢,Edad,Age,,,,,,Lección 43
,Shūnyū,しゅうにゅう,収入,Ingresos,Income,,,,,,Lección 43
,Pittari,ぴったり,,"Exacto, justo","Right, right",,,,,,Lección 43
,Sonoue,そのうえ,,"Además, aún más","Also, even more",,,,,,Lección 43
,〜Toiimasu,〜といいます,,Llamarse〜,Called~,,,,,,Lección 43
,Bara,ばら,,Rosa,rose,,,,,,Lección 43
,Doraibu,ドライブ,,Paseo en coche,Car ride,,,,,,Lección 43
,LECCIÓN 44,,,,,,,,,,
,Nakimasu,なきます,泣きます,Llorar,Cry,,,,,,Lección 44
,Waraimasu,わらいます,笑います,Reírse,Laugh,,,,,,Lección 44
,Kawakimasu,かわきます,乾きます,Secarse,Dry up,,,,,,Lección 44
,Nuremasu,ぬれます,,Mojarse,Get wet,,,,,,Lección 44
,Suberimasu,すべります,滑ります,"Deslizarse, resbalarse","Slip, slip",,,,,,Lección 44
,Okimasu [jiko ga〜],おきます[じこが〜],起きます[事故が〜],Ocurrir [un accidente],Occur [an accident],,,,,,Lección 44
,Chōsetsushimasu,ちょうせつします,調節します,Ajustar,Adjust,,,,,,Lección 44
,Anzen [na],あんぜん[な],安全[な],Seguro,Sure,,,,,,Lección 44
,Teinei [na],ていねい[な],丁寧[な],"Respetuoso, cortés","Respectful, courteous",,,,,,Lección 44
,Komakai,こまかい,細かい,"Pequeño, fino","Small, fine",,,,,,Lección 44
,Koi,こい,濃い,"(sabor) fuerte, (color) oscuro","(flavor) strong, (color) dark",,,,,,Lección 44
,Usui,うすい,薄い,"(sabor) suave, (color) claro","(flavor) mild, (color) clear",,,,,,Lección 44
,Kūki,くうき,空気,Aire,Air,,,,,,Lección 44
,Namida,なみだ,涙,Lágrima,Tear,,,,,,Lección 44
,Washoku,わしょく,和食,Comida japonesa,Japanese food,,,,,,Lección 44
,Yōshoku,ようしょく,洋食,Comida occidental,Western food,,,,,,Lección 44
,Okazu,おかず,,Alimentos que acompañan al arroz,Foods that accompany rice,,,,,,Lección 44
,Ryō,りょう,量,Cantidad,Quantity,,,,,,Lección 44
,ーBai,ーばい,ー倍,ー veces más,ー more times,,,,,,Lección 44
,Hanbun,はんぶん,半分,Mitad,Half,,,,,,Lección 44
,Shinguru,シングル,,Habitación simple,Single room,,,,,,Lección 44
,Tsuin,ツイン,,Habitación doble,Double room,,,,,,Lección 44
,Tansu,たんす,,"Armario, cómoda","Wardrobe, chest of drawers",,,,,,Lección 44
,Sentakumono,せんたくもの,洗濯物,"Colada, ropa para lavar, ropa lavada","Laundry, laundry, washed clothes",,,,,,Lección 44
,Riyū,りゆう,理由,Razón,Reason,,,,,,Lección 44
,Dōnasai masu ka,どうなさいますか,,¿Qué quiere hacerse?,What do you want to do?,,,,,,Lección 44
,Katto,カット,,Corte de pelo,haircut,,,,,,Lección 44
,Shanpuー,シャンプー,,"Champú, lavado de pelo","Shampoo, hair wash",,,,,,Lección 44
,Dōiu fū ni nasaimasu ka,どういうふうになさいますか,,¿Cómo quiere Ud.?,How do you want?,,,,,,Lección 44
,Shōto,ショート,,Corto,Short,,,,,,Lección 44
,〜Mitai ni shite kudasai,〜みたいにしてください,,Haga como 〜,Do like 〜,,,,,,Lección 44
,Kore de yoroshiideshou ka,これでよろしいでしょうか,,¿Está bien así?,It's okay like that?,,,,,,Lección 44
,[dōmo] otsukaresamadeshita,[どうも]おつかれさまでした,[どうも]お疲れ様でした,Gracias por su paciencia,Thank you for your patience,,,,,,Lección 44
,Iyagarimasu,いやがります,嫌がります,Tener mala gana,Have reluctance,,,,,,Lección 44
,Mata,また,,Y,Y,,,,,,Lección 44
,Junjo,じゅんじょ,順序,Orden,Order,,,,,,Lección 44
,Hyōgen,ひょうげん,表現,Expresión,Expression,,,,,,Lección 44
,Tatoeba,たとえば,例えば,Por ejemplo,For example,,,,,,Lección 44
,Wakaremasu,わかれます,別れます,Separarse,Break away,,,,,,Lección 44
,Korera,これら,,Estas cosas,These things,,,,,,Lección 44
,,,,"Mal augurio, mala suerte","Bad omen, bad luck",,,,,,Lección 44
,LECCIÓN 45,,,,,,,,,,
,Ayamarimasu,あやまります,謝ります,"Pedir perdón, disculparse","Apologize, apologize",,,,,,Lección 45
,Aimasu [jikoni〜],あいます[じこに〜],[事故に〜],Encontrarse con [un accidente],Encounter [an accident],,,,,,Lección 45
,Shinjimasu,しんじます,信じます,"Creer, fiar","Believe, trust",,,,,,Lección 45
,Yōishimasu,よういします,用意します,Preparar,Prepare,,,,,,Lección 45
,Kyanserushimasu,キャンセルします,,"Cancelar, anular","Cancel, cancel",,,,,,Lección 45
,Umakuikimasu,うまくいきます,,Ir bien,Go well,,,,,,Lección 45
,Hoshōsho,ほしょうしょ,保証書,Garantía,Warranty,,,,,,Lección 45
,Ryōshū-sho,りょうしゅうしょ,領収書,Recibo,Receipt,,,,,,Lección 45
,Okurimono,おくりもの,贈り物,"Regalo, presente (〜をします: regalar)","Gift, present (〜 を し ま す: give away)",,,,,,Lección 45
,Machigaidenwa,まちがいでんわ,まちがい電話,Número de teléfono equivocado,Wrong phone number,,,,,,Lección 45
,Kyanpu,キャンプ,,Campamento,Camp,,,,,,Lección 45
,Kakari,かかり,係,Persona encargada,Person in charge,,,,,,Lección 45
,Chūshi,ちゅうし,中止,"Suspensión, cancelación","Suspension, cancellation",,,,,,Lección 45
,Ten,てん,点,"Punto, puntuación","Point, score",,,,,,Lección 45
,Rebaー,レバー,,Palanca,Lever,,,,,,Lección 45
,[ーen] satsu,[ーえん]さつ,[ー円]札,Billete de [ーyen],[ー yen] banknote,,,,,,Lección 45
,Chanto,ちゃんと,,"Debidamente, regularmente","Properly, regularly",,,,,,Lección 45
,Kyūni,きゅうに,急に,"De repente, bruscamente","Suddenly, abruptly",,,,,,Lección 45
,Tanoshiminishiteimasu,たのしみにしています,楽しみにしています,"Tener el placer de, esperar impacientemente","Have the pleasure of, wait impatiently",,,,,,Lección 45
,Ijōdesu,いじょうです,以上です。,Esto es todo,This is all,,,,,,Lección 45
,Kakariin,かかりいん,係員,"Persona encargada, asistente","Person in charge, assistant",,,,,,Lección 45
,Koーsu,コース,,Ruta,Route,,,,,,Lección 45
,Sutaーto,スタート,,Salida,Departure,,,,,,Lección 45
,ーi,ーい,ー位,"ーPuesto, ーlugar, ーpremio (clasificación)","ー Rank, ー place, ー prize (ranking)",,,,,,Lección 45
,Yūshōshimasu,ゆうしょうします,優勝します,"Ganar el campeonato, ganar el primer premio","Win the championship, win the first prize",,,,,,Lección 45
,Nayami,なやみ,悩み,Preocupación,Worry,,,,,,Lección 45
,Mezamashi[dokei],めざまし[どけい],目覚まし[時計],Reloj despertador,Alarm clock,,,,,,Lección 45
,Nemurimasu,ねむります,眠ります,Dormir,To sleep,,,,,,Lección 45
,Megasamemasu,めがさめます,目が覚めます,Despertarse,Wake up,,,,,,Lección 45
,Daigakusei,だいがくせい,大学生,Estudiante universitario,College student,,,,,,Lección 45
,Kaitō,かいとう,回答,"Respuesta, contestación","Answer, reply",,,,,,Lección 45
,Narimasu,なります,鳴ります,Sonar,Dream,,,,,,Lección 45
,Setto shimasu,セットします,,Poner (el despertador),Set (the alarm),,,,,,Lección 45
,Soredemo,それでも,,"Sin embargo, a pesar de","However, despite",,,,,,Lección 45
,LECCIÓN 46,,,,,,,,,,
,Yakimasu,やきます,焼きます,"Asar, tostar","Roast, toast",,,,,,Lección 46
,Watashimasu,わたします,渡します,Entregar,Deliver,,,,,,Lección 46
,Kaettekimasu,かえってきます,帰って来ます,"Regresar, volver",Come back,,,,,,Lección 46
,Demasu [basuga〜],でます[バスが〜],出ます,"Salir, partir [el autobús]","Get out, leave [the bus]",,,,,,Lección 46
,Rusu,るす,留守,Ausencia,Absence,,,,,,Lección 46
,Takuhaibin,たくはいびん,宅配便,"Servicio de entrega rápida, mensajero rápido","Express delivery service, express courier",,,,,,Lección 46
,Genin,げんいん,原因,Causa,Cause,,,,,,Lección 46
,Chūsha,ちゅうしゃ,注射,Inyección,Injection,,,,,,Lección 46
,Shokuyoku,しょくよく,食欲,Apetito,Appetite,,,,,,Lección 46
,Panfuretto,パンフレット,,Panfleto,Pamphlet,,,,,,Lección 46
,Sutereo,ステレオ,,Estéreo,Stereo,,,,,,Lección 46
,Kochira,こちら,,Aquí,Here,,,,,,Lección 46
,,〜の ところ,〜の 所,"Por donde〜, donde〜","Where, where〜",,,,,,Lección 46
,Chōdo,ちょうど,,"Exactamente, en punto",Exactly on the dot,,,,,,Lección 46
,Tattaima,たったいま,たった今,Ahora mismo (se usa con el tiempo pasado para indicar la terminación de una acción),Right now (used with the past tense to indicate the completion of an action),,,,,,Lección 46
,Imaii deshōka,いまいいでしょうか,今いいでしょうか,¿Me permite ahora? / ¿Se puede ahora?,May I now? / Can you now?,,,,,,Lección 46
,Gasusaーbisu sentaー,ガスサービスセンター,,Centro de servicio de gas,Gas service center,,,,,,Lección 46
,Gasurenji,ガスレンジ,,Cocina de gas,Gas stove,,,,,,Lección 46
,Guai,ぐあい,具合,Condición,Condition,,,,,,Lección 46
,Dochira sama deshōka,どちらさまでしょうか,どちら様でしょうか,¿Podría decir su nombre?,Could you say your name?,,,,,,Lección 46
,Mukaimasu,むかいます,向かいます,Dirigirse a,Go to,,,,,,Lección 46
,Omataseshimasuta,おまたせしますた,お待たせしました,Perdone por la espera,Sorry for the wait,,,,,,Lección 46
,,ちしき,知識,Conocimiento,Knowledge,,,,,,Lección 46
,Hōko,ほうこ,宝庫,Tesoro,treasure,,,,,,Lección 46
,Tenihairimasu [jouhouga〜],てにはいります[じょうほうが〜],手に入ります[情報が〜],"Conseguir, obtener [informaciones]","Get, get [information]",,,,,,Lección 46
,Shisutemu,システム,,Sistema,System,,,,,,Lección 46
,Tatoeba,たとえば,例えば,Por ejemplo,For example,,,,,,Lección 46
,Kiーwaーdo,キーワード,,Palabra clave,Keyword,,,,,,Lección 46
,Ichibubun,いちぶぶｎ,一部分,Una parte,A part,,,,,,Lección 46
,Nyūryoku shimasu,にゅうりょくします,入力します,Introducir,Introduce,,,,,,Lección 46
,Byō,びょう,秒,Segundo,Second,,,,,,Lección 46
,Demasu [honga〜],でます[ほんが〜],出ます[本が〜],Publicarse [un libro],Publish [a book],,,,,,Lección 46
,LECCIÓN 47,,,,,,,,,,
,Atsumarimasu,あつまります [ひとが〜],集まります [人が〜],reunirse [la gente],Get together [people],,,,,,Lección 47
,Wakaremasu,わかれます [ひとが〜],別れます [人が〜],separarse [la gente],separate [people],,,,,,Lección 47
,Nagaiki shimasu,ながいきします,長生きします,vivir una larga vida,live a long life,,,,,,Lección 47
,Shimasu [oto/koe ga〜],します [おと/こえ が〜],[音/声 が〜],oirse [sonido/voz],get away [sound/voice],,,,,,Lección 47
,[Aji ga],[あじが〜],[味が〜],saber a,taste like,,,,,,Lección 47
,[Nioi ga],[においが〜],,oler a,smell like,,,,,,Lección 47
,Sashimasu [kasa wo〜],さします [かさを〜],[傘を〜],abrir [el paraguas],open [the umbrella],,,,,,Lección 47
,Hidoi,ひどい,,"terrible, horrible",terrible horrible,,,,,,Lección 47
,Kowai,こわい,怖い,espantoso,frightening,,,,,,Lección 47
,Tenkeyohō,てんきよほう,天気予報,pronóstico del tiempo,Weather forecast,,,,,,Lección 47
,Happyō,はっぴょう,発表,"presentación, anuncio","Presentation, announcement",,,,,,Lección 47
,Jikken,じっけん,実験,"experimento, ensayo","experiment, essay",,,,,,Lección 47
,Jinkō,じんこう,人口,población,population,,,,,,Lección 47
,Nioi,におい,,olor,smell,,,,,,Lección 47
,Kagaku,かがく,科学,ciencia,science,,,,,,Lección 47
,Igaku,いがく,医学,medicina,medicine,,,,,,Lección 47
,Bungaku,ぶんがく,文学,literatura,literature,,,,,,Lección 47
,Patokā,パトカー,,coche patrulla,Patrol car,,,,,,Lección 47
,Kyūkyūsha,きゅうきゅうしゃ,救急車,ambulancia,ambulance,,,,,,Lección 47
,Sansei,さんせい,賛成,"aprobación, acuerdo","approval, agreement",,,,,,Lección 47
,Hantai,はんたい,反対,"objeción, oposición","Objection, opposition",,,,,,Lección 47
,Dansei,だんせい,男性,"masculino, hombre","Male, man",,,,,,Lección 47
,Josei,じょせい,女性,"femenino, mujer","female, woman",,,,,,Lección 47
,,,,parece que (juicio tentativo),It seems that (tentative trial),,,,,,Lección 47
,〜Niyoruto,〜によると,,"de acuerdo con〜, según〜(fuente de información)","According to Con〜, according to〜 (information source)",,,,,,Lección 47
,Bari [Tou],バリ[とう],バリ[島],Bali (en Indonesia),Bali (in Indonesia),,,,,,Lección 47
,Iran,イラン,,Irán,Iran,,,,,,Lección 47
,Kariforunia,カリフォルニア,,California (Estados Unidos),"California, United States)",,,,,,Lección 47
,Guamu,グアム,,Guam,Guam,,,,,,Lección 47
,Koibito,こいびと,恋人,"novio, novia",boyfriend girlfriend,,,,,,Lección 47
,Konyakushimasu,こんやくします,婚約します,prometerse en matrimonio,promise in marriage,,,,,,Lección 47
,Aite,あいて,相手,la otra persona,the other person,,,,,,Lección 47
,Shiriaimasu,しりあいます,知り合います,conocer,know,,,,,,Lección 47
,Heikin jumyō,へいきんじゅみょう,平均寿命,media de vida,Half of life,,,,,,Lección 47
,Kurabemasu [danseito],くらべます [だんせいと〜],比べます [男性と〜],comparar con [los hombres],Compare [men],,,,,,Lección 47
,Hakase,はかせ,博士,doctor,doctor,,,,,,Lección 47
,Nou,のう,脳,cerebro,brain,,,,,,Lección 47
,Horumon,ホルモン,,hormona,hormone,,,,,,Lección 47
,Keshōhin,けしょうひん,化粧品,cosmético,cosmetic,,,,,,Lección 47
,Shirabe,しらべ,調べ,investigación,research,,,,,,Lección 47
,Keshō,けしょう,化粧,maquillaje,make-up,,,,,,Lección 47
,LECCIÓN 48,,,,,,,,,,
,,おろします,，下ろします,"Bajar, descargar",Download,,,,,,Lección 48
,Todokemasu,とどけます,届けます,Hacer llegar,Make reach,,,,,,Lección 48
,Sewawoshimasu,せわをします,世話をします,"Cuidar, atender","Caring, attending",,,,,,Lección 48
,Iya[na],いや[な],嫌[な],"Desagradable, molesto","Unpleasant, annoying",,,,,,Lección 48
,Kibishii,きびしい,厳しい,"Estricto, duro","Strict, tough",,,,,,Lección 48
,Juku,じゅく,塾,Academia preparatoria,Preparatory academy,,,,,,Lección 48
,Sukejūru,スケジュール,,"Itinerario, programa","Itinerary, program",,,,,,Lección 48
,Seito,せいと,生徒,Alumno,Student,,,,,,Lección 48
,Mono,もの,者,Persona ,Person,,,,(se refiere a la gente que pertenece al mismo grupo),,Lección 48
,Nyūkan,にゅうかん,入管,Oficina de inmigración,Immigration office,,,,,,Lección 48
,Sai nyūkoku biza,さいにゅうこくビザ,再入国ビザ,Visado de reentrada,Reentry visa,,,,,,Lección 48
,Jiyūni,じゆうに,自由に,Libremente,Freely,,,,,,Lección 48
,〜Kan,〜かん,〜間,Durante 〜 ,During ~,,,,(se refiere a la duración),,Lección 48
,Iikotodesune,いいことですね,,Eso es bueno,That is good,,,,,,Lección 48
,Oisogashiidesuka,おいそがしいですか,お忙しいですか,¿Está Ud. Ocupado? ,Are you busy?,,,,(se usa cuando se dirige a una persona mayor o importante),,Lección 48
,Hisashiburi,ひさしぶり,久しぶり,Después de mucho tiempo,After a long time,,,,,,Lección 48
,Eigyō,えいぎょう,営業,"Negocios, ventas","Business, sales",,,,,,Lección 48
,Soremadeni,それまでに,,Hasta entonces,Until then,,,,,,Lección 48
,Kamaimasen,かまいません,,No pasa nada,Nothing happens,,,,,,Lección 48
,Tanoshimimasu,たのしみます,楽しみます,Disfrutar,Enjoy,,,,,,Lección 48
,Motomoto,もともと,,Originalmente,Originally,,,,,,Lección 48
,ーSeiki,ーせいき,ー世紀,Sigloー,Century ー,,,,,,Lección 48
,Kawariwoshimasu,かわりをします,代わりをします,"Sustituir, reemplazar","Replace, replace",,,,,,Lección 48
,Supiーdo,スピード,,Velocidad,Velocity,,,,,,Lección 48
,Kyōsoushimasu,きょうそうします,競走します,Competir,To compete,,,,,,Lección 48
,Saーkasu,サーカス,,Circo,Circus,,,,,,Lección 48
,Gei,げい,芸,Actuación,Performance,,,,,,Lección 48
,Utsukushii,うつくしい,美しい,Hermoso,Handsome,,,,,,Lección 48
,Sugata,すがた,姿,"Figura, aspecto","Figure, appearance",,,,,,Lección 48
,Kokoro,こころ,心,"Corazón, sentimiento","Heart, feeling",,,,,,Lección 48
,Toraemasu,とらえます,,Captar,Capture,,,,,,Lección 48
,〜Ni totte,〜にとって,,Para 〜,In order to ~,,,,,,Lección 48
,LECCIÓN 49,,,,,,,,,,
,Tsutomemasu kaishani〜,つとめます かいしゃに〜,勤めます 会社に〜,Trabajar [en una compañía],Work [in a company],,,,Se utiliza para decir donde se está trabajando (el lugar).,,Lección 49
,Yasumimasu,やすみます,休みます,"Dormir, ir a la cama","Sleep, go to bed",,,,,,Lección 49
,Kakemasu isuni〜,かけます いすに〜,掛けます,Sentarse [en una silla],Sit [on a chair],,,,,,Lección 49
,Sugoshimasu,すごします,過ごします,Pasar (el tiempo),Spend time),,,,,,Lección 49
,Yorimasu ginkōni〜,よります ぎんこうに〜,寄ります 銀行に〜,Pasar por [el banco],Stop by [the bank],,,,,,Lección 49
,Irasshaimasu,いらっしゃいます,,"Estar, ir, venir","Be, go, come",,,,(expresión respetuosa de います、生きます y きます),,Lección 49
,Meshiagarimasu,めしあがります,召し上がります,"Comer, beber",Eat Drink,,,,(expresión respetuosa de たべます y のみます),,Lección 49
,Osshaimasu,おっしゃいます,,Decir,Say,,,,(expresión respetuosa de いいます),,Lección 49
,Nasaimasu,なさいます,,Hacer,Make,,,,(expresión respetuosa de します),,Lección 49
,Goran ni Narimasu,ごらんに なります,ご覧に なります,"Ver, observar","See, observe",,,,(expresión respetuosa de みます),,Lección 49
,Go zonjidesu,ごぞんじです,ご存じです,"Saber, conocer",Know to know,,,,(expresión respetuosa de しっています),,Lección 49
,Aisatsu,あいさつ,,Saludo,Greetings,,,,"(〜を します: saludar, dar un saludo)",,Lección 49
,Haizara,はいざら,灰皿,Cenicero,Ashtray,,,,,,Lección 49
,Ryokan,りょかん,旅館,Hotel al estilo japonés,Japanese style hotel,,,,,,Lección 49
,Kaijō,かいじょう,会場,"Lugar de reuniones, sala para actos diversos","Meeting place, room for various events",,,,,,Lección 49
,Basutei,バスてい,バス停,Parada de autobús,Bus stop,,,,,,Lección 49
,Bōeki,ぼうえき,貿易,Comercio,Commerce,,,,,,Lección 49
,〜Sama,〜さま,〜様,,,,,,(Expresión espetuosa de 〜さん),,Lección 49
,Kaerini,かえりに,帰りに,A la vuelta,On the way back,,,,,,Lección 49
,Tamani,たまに,,Raras veces,Seldom,,,,,,Lección 49
,Chittomo,ちっとも,,"Nada, de ninguna manera","Nothing, no way",,,,(se emplea con expresión negativa),,Lección 49
,Enryonaku,えんりょなく,遠慮なく,"Sin reserva, sin miedo, con toda libertad","Without reservation, without fear, with all freedom",,,,,,Lección 49
,ーNenーkumi,ーねんーくみ,ー年ー組,Claseーdeーcurso,Class ー of ー course,,,,,,Lección 49
,Dewa,では,,Entonces,Then,,,,(expresión cortés deじゃ),,Lección 49
,Dashimasu netsu o〜,だします ねつを〜,出します 熱を〜,"Subir, tener [la fiebre]","Go up, have [the fever]",,,,,,Lección 49
,Yoroshiku otsutae kudasai.,よろしく おつたえ ください。,よろしく お伝え ください。,Dé mis recuerdos.,Give my best regards.,,,,,,Lección 49
,Shitsureītashimasu.,しつれいいたします。,失礼いたします。,Adiós.,Goodbye.,,,,(expresión humilde deしつれいします),,Lección 49
,Himawarishōgakkō,※ひまわりしょうがっこう,※ひまわり小学校,Nombre ficticio de una escuela primaria,Fictitious name of an elementary school,,,,,,Lección 49
,Kōshi,こうし,講師,Lector,Reader,,,,,,Lección 49
,Ōkuno〜,おおくの〜,多くの〜,"Mucho〜, gran cantidad de 〜","A lot〜, a lot of 〜",,,,,,Lección 49
,Sakuhin,さくひん,作品,"Obra (de arte, etc)","Work (of art, etc)",,,,,,Lección 49
,Jushōshimasu,じゅしょうします,受賞します,Recibir un premio,Receive an award,,,,,,Lección 49
,Sekaitekīni,せかいてきに,世界的に,Mundialmente,Worldwide,,,,,,Lección 49
,Sakka,さっか,作家,"Novelista, escritor","Novelist, writer",,,,,,Lección 49
,〜Deirasshaimasu,〜でいらっしゃいます,,"Ser, estar",Be be,,,,(expresión respetuosa de です),,Lección 49
,Chōnan,ちょうなん,長男,"Hijo mayor, primer varón","Eldest child, first male",,,,,,Lección 49
,Shōgai,しょうがい,障害,"Obstáculo, defecto","Obstacle, defect",,,,,,Lección 49
,Omochidesu,おもちです,お持ちですか,Tener,To have,,,,(expresión respetuosa de もって います),,Lección 49
,Sakkyoku,さっきょく,作曲,Composición (musical),Musical composition),,,,,,Lección 49
,Katsudō,かつどう,活動,Actividad,Activity,,,,,,Lección 49
,Soredewa,それでは,,Entonces,Then,,,,(se emplea para empezar o finalizar una acción),,Lección 49
,Ōe kenzaburō,※おおえ けんざぶろう,※大江 健三郎,Escritor japonés (1935-),Japanese writer (1935-),,,,,,Lección 49
,tōkyaudaigaku,※とうきゃうだいがく,※東京大学,Universidad de Tokio,University of tokyo,,,,,,Lección 49
,Nōberu bungakushō,※ノーベルぶんがくしょう,※ノーベル文学賞,Premio Nobel de Literatura,Nobel Prize in Literature,,,,,,Lección 49
,Denwa no kake-kata,でんわのかけかた,電話のかけ方,Modo de Hablar por teléfono,Talk on the phone mode,,,,,,Lección 49
,"Moshimoshi,____san nōtakude irasshaimasuka",もしもし、______さんのおたくでいらっしゃいますか。,もしもし、______さんのお宅でいらっしゃいますか。,"Oiga, ¿es la casa del señor____?","Hey, is this Mr. ____'s house?",,,,,,Lección 49
,"Hai,___degozaimasu.",はい、_____でございます。,,"Si, soy_____",If I am_____,,,,,,Lección 49
,"Watakushi,___tomōshimasuga,____ sanwa irashaimasuka.",わたくし、_____ともうしますが、______さんはいらっしゃいますか。,私、____と申しますが、_____さんはいらっしゃいますか。,Soy___. ¿Me puede poner con el señor____?,I am___. Can you put me with Mr. ____?,,,,,,Lección 49
,"Īe, chigaimasu.",いいえ、ちがいます。,いいえ、違います。,"No, se ha equivocado.","No, you were wrong.",,,,,,Lección 49
,"A, shitsu rei shimashita",あ、しつれいしました,あ、失礼しました,Perdone.,Excuse me,,,,,,Lección 49
,"Hai, chottōmachikudasai.",はい、ちょっとおまちください。,はい、ちょとお待ちください,"Si, espere un momento, por favor.","Yes, wait a minute, please.",,,,,,Lección 49
,"Moshimoshi, ____desuga",もしもし、______ですが,,Soy____. Dígame,I am____. Tell me,,,,,,Lección 49
,_____wa gaishutsuchūdesuga.,_____はがいしゅつちゅうですが。,______は外出中ですが。,____ está fuera.,____ is out.,,,,,,Lección 49
,"Ō, sōdesuka.",おお、そうですか。,,"Entonces, nada. Gracias.",Then nothing. Thanks.,,,,,,Lección 49
,"Anō, dengon o onegai dekimasuka.",あのう、でんごんをおねがいできますか。,あのう、伝言をお願いできますか。,¿Podría dejarle un recado?,Could you leave a message for him?,,,,,,Lección 49
,"Hai, dōzo.",はい、どうぞ。,,"Sí, dígamelo.","Yes, tell me.",,,,,,Lección 49
,"Dewa, sumimosenga, kaigiha juu jinihajimarutō tsutae kudasai",では、すみもせんが、かいぎは10じにはじまるとおつたえください。,では、すみませんが、会議は10時に始まるとお伝えください。,"Por favor, dígale que la reunión empieza a las 10:00.",Please tell him that the meeting starts at 10:00.,,,,,,Lección 49
,"Hai, wakarimashita.",はい、わかりました。,,"Si, de acuerdo.","If, according.",,,,,,Lección 49
,_____wa dekakete orimasuga.,_____はでかけておりますが。,_____は出かけておりますが。,____ahora no está.,____now it is not here.,,,,,,Lección 49
,Nanji gorō kaerininarimasuka.,なんじごろおかえりになりますか。,何時ごろお帰りになりますか。,¿A qué hora volverá?,What time will you return?,,,,,,Lección 49
,juu ji-goro ni naru tōmoimosuga.,10じごろになるとおもいもすが。,10時ごろになると思いますが。,Creo que volverá más o menos a las 10:00.,I think he will be back around 10:00.,,,,,,Lección 49
,"Dewa, sono koro mata o denwa shimasu.",では、そのころまたおでんわします。,では、そのころまたお電話します。,"Entonces, le volveré a llamar a esa hora.","Then, I'll call you back at that time.",,,,,,Lección 49
,Sō desuka.,そうですか。,,Muy bien.,Very well.,,,,,,Lección 49
,Shitsu reishimasu.,しつれいします。,失礼します。,"Adiós, hasta luego.","Bye, see you later.",,,,,,Lección 49
,LECCIÓN 50,,,,,,,,,,
,Mairimasu,まいります,参ります,"Ir, venir ","Go, come",,,,(expresión humilde de ikimasu y kimasu),,Lección 50
,Orimasu,おります,,Estar ,To be,,,,(expresión humilde de imasu),,Lección 50
,Itadakimasu,いただきます,,"Comer, beber, recibir","Eat, drink, receive",,,,"(expresión humilde de tabemasu, nomimasu y moraimasu)",,Lección 50
,Mōshimasu,もうします,申します,Decir ,Say,,,,(expresión humilde de iimasu),,Lección 50
,Itashimasu,いたします,,Hacer ,Make,,,,(expresión humilde de shimasu),,Lección 50
,Haikenshimasu,はいけんします,拝見します,"Ver, observar ","See, observe",,,,(expresión humilde de mimasu),,Lección 50
,Zonjimasu,ぞんじます,存じます,"Saber, conocer","Know, to know",,,,(expresión humilde de shirimasu),,Lección 50
,Ukagaimasu,うかがいます,伺います,"Preguntar, oír, visitar ","Ask, hear, visit",,,,(expresión humilde de kikimasu y ikimasu),,Lección 50
,Omenikakarimasu,おめにかかります,お目にかかります,Ver ,Watch,,,,(expresión humilde de aimasu),,Lección 50
,Gozaimasu,ございます,,Ser ,To be,,,,(expresión cortés de arimasu),,Lección 50
,〜De gozaimasu,〜でございます,,Ser ,To be,,,,(expresión cortés de 〜desu),,Lección 50
,Watashiku,わたしく,私,Yo ,Me,,,,(expresión humilde de watashi),,Lección 50
,Gaido,ガイド,,Guía,Guide,,,,,,Lección 50
,Otaku,おたく,お宅,Casa de (alguna persona),House of (someone),,,,,,Lección 50
,Kōgai,こうがい,郊外,Afueras,Outskirts,,,,,,Lección 50
,Arubamu,アルバム,,Álbum,Album,,,,,,Lección 50
,Saraishū,さらいしゅう,さ来週,Dentro de dos semanas,In two weeks,,,,,,Lección 50
,Saraigetsu,さらいげつ,さ来月,Dentro de dos meses,Within two months,,,,,,Lección 50
,Sarainen,さらいねん,さ来年,Dentro de dos años,Within two years,,,,,,Lección 50
,Hantoshi,はんとし,半年,Medio año,Half-year,,,,,,Lección 50
,Saishoni,さいしょに,最初に,"En primer lugar, primeramente","First, first",,,,,,Lección 50
,Saigoni,さいごに,最後に,"Por último, últimamente","Last, lately",,,,,,Lección 50
,Tadaima,ただいま,ただ今,Ahora,Now,,,,,,Lección 50
,Edotōkyōhakubutsukan,えどとうきょうはくぶつかん,江戸東京博物館,Museo de Edo-Tokio,Edo-Tokyo Museum,,,,,,Lección 50
,Kinchoushimasu,きんちょうします,緊張します,Ponerse nervioso,Get nervous,,,,,,Lección 50
,Housoushimasu,ほうそうします,放送します,"Emitir, transmitir","Emit, transmit",,,,,,Lección 50
,Torimasu [bideoni],とります[ビデオに〜],撮ります[ビデオに〜],Filmar [en vídeo],Filming [on video],,,,,,Lección 50
,Shōkin,しょうきん,賞金,Dinero de premio,Prize money,,,,,,Lección 50
,Shizen,しぜん,自然,Naturaleza,Nature,,,,,,Lección 50
,Kirin,きりん,,Jirafa,Giraffe,,,,,,Lección 50
,Zō,ぞう,象,Elefante,Elephant,,,,,,Lección 50
,Koro,ころ,,"Tiempos, días","Times, days",,,,,,Lección 50
,Kanaimasu [yumega〜],かないます[ゆめが〜],かないます[夢が〜],Volverse realidad [el sueño],Come true [the dream],,,,,,Lección 50
,Hitokotoyoroshī　deshō　ka,ひとことよろしいでしょうか,,¿Podría decir unas palabras?,Could you say a few words?,,,,,,Lección 50
,Kyōryokushimasu,きょうりょくします,協力します,Colaborar,To collaborate,,,,,,Lección 50
,Kokorokara,こころから,心から,De corazón,From the heart,,,,,,Lección 50
,Kanshashimasu,かんしゃします,感謝します,Agradecer,to thank,,,,,,Lección 50
,[O] rei,[お]れい,[お]礼,"Gratitud, gracias","Gratitude, thank you",,,,,,Lección 50
,Haikei,はいけい,拝啓,Estimado〜,Estimated~,,,,,,Lección 50
,Utsukushii,うつくしい,美しい,Hermoso,Handsome,,,,,,Lección 50
,Ogenkide irasshaimasu ka,おげんきでいらっしゃいますか,お元気でいらっしゃいますか,¿Cómo está Ud.? ,How are you.?,,,,(expresión respetuosa de ogenkidesuka),,Lección 50
,Meiwaku wo kakemasu,めいわくをかけます,迷惑をかけます,Molestar,Disturb,,,,,,Lección 50
,Ikashimasu,いかします,生かします,Aprovechar,To take advantage of,,,,,,Lección 50
,[o] shiro,[お] しろ,[お]城,Castillo,Castle,,,,,,Lección 50
,keigu,けいぐ,敬具,Atentamente ,Sincerely,,,,(saludo final de una carta),,Lección 50
,Myunhen,ミュンヘン,,Múnich (en Alemania),Munich (in Germany),,,,,,Lección 50